species_name	ensembl_version	chrom	source	feature	feature_start	feature_end	score	strand	frame	gene_id	gene_version	gene_name	gene_source	gene_biotype	transcript_id	transcript_version	transcript_name	transcript_source	transcript_biotype	tag	transcript_support_level	exon_id	exon_version	exon_number	protein_id	protein_version	ccds_id	genome_build
Homo sapiens	106	11	ensembl_havana	exon	35139286	35139370	.	+	0	ENSG00000026508	21	CD44	ensembl_havana	protein_coding	ENST00000278386	10	CD44-203	ensembl_havana	protein_coding	basic	1	ENSE00002194510	1	1		NA	CCDS31458	GRCh38
Homo sapiens	106	11	havana	exon	35189835	35190065	.	+	0	ENSG00000026508	21	CD44	ensembl_havana	protein_coding	ENST00000534296	5	CD44-238	havana	retained_intron		3	ENSE00003477603	1	1		NA		GRCh38
Homo sapiens	106	1	ensembl_havana	exon	154448125	154448171	.	+	0	ENSG00000160712	13	IL6R	ensembl_havana	protein_coding	ENST00000368485	8	IL6R-202	ensembl_havana	protein_coding	basic	1	ENSE00003646716	1	7		NA	CCDS1067	GRCh38
Homo sapiens	106	1	ensembl_havana	exon	198734196	198734232	.	+	0	ENSG00000081237	20	PTPRC	ensembl_havana	protein_coding	ENST00000348564	11	PTPRC-201	ensembl_havana	protein_coding	basic	1	ENSE00003029831	1	18		NA	CCDS1398	GRCh38
Homo sapiens	106	1	ensembl_havana	exon	198729137	198729171	.	+	0	ENSG00000081237	20	PTPRC	ensembl_havana	protein_coding	ENST00000348564	11	PTPRC-201	ensembl_havana	protein_coding	basic	1	ENSE00003083554	1	14		NA	CCDS1398	GRCh38
Homo sapiens	106	11	havana	exon	35209965	35210054	.	+	0	ENSG00000026508	21	CD44	ensembl_havana	protein_coding	ENST00000533222	5	CD44-236	havana	protein_coding	mRNA_start_NF	2	ENSE00000710485	1	4		NA		GRCh38
Homo sapiens	106	1	havana	exon	154449911	154449980	.	+	0	ENSG00000160712	13	IL6R	ensembl_havana	protein_coding	ENST00000515190	1	IL6R-207	havana	protein_coding	mRNA_start_NF	2	ENSE00003630319	1	5		NA		GRCh38
Homo sapiens	106	1	ensembl_havana	exon	198752249	198752371	.	+	0	ENSG00000081237	20	PTPRC	ensembl_havana	protein_coding	ENST00000348564	11	PTPRC-201	ensembl_havana	protein_coding	basic	1	ENSE00002415158	1	27		NA	CCDS1398	GRCh38
Homo sapiens	106	11	havana	exon	35180274	35180407	.	+	0	ENSG00000026508	21	CD44	ensembl_havana	protein_coding	ENST00000527889	6	CD44-226	havana	protein_coding	mRNA_start_NF	3	ENSE00003658180	1	2		NA		GRCh38
Homo sapiens	106	11	havana	exon	35180274	35180407	.	+	0	ENSG00000026508	21	CD44	ensembl_havana	protein_coding	ENST00000531118	5	CD44-232	havana	retained_intron		2	ENSE00003533978	1	2		NA		GRCh38
Homo sapiens	106	1	havana	exon	198639288	198639334	.	+	0	ENSG00000081237	20	PTPRC	ensembl_havana	protein_coding	ENST00000391970	3	PTPRC-205	havana	processed_transcript		1	ENSE00002165642	1	1		NA		GRCh38
Homo sapiens	106	1	havana	exon	198696712	198696909	.	+	0	ENSG00000081237	20	PTPRC	ensembl_havana	protein_coding	ENST00000418674	1	PTPRC-207	havana	protein_coding	mRNA_end_NF	2	ENSE00003024062	1	3		NA		GRCh38
Homo sapiens	106	11	havana	exon	35219340	35219387	.	+	0	ENSG00000026508	21	CD44	ensembl_havana	protein_coding	ENST00000526669	6	CD44-224	havana	protein_coding	basic	5	ENSE00002147699	1	4		NA		GRCh38
Homo sapiens	106	11	havana	exon	35208105	35208206	.	+	0	ENSG00000026508	21	CD44	ensembl_havana	protein_coding	ENST00000528672	1	CD44-229	havana	protein_coding	mRNA_start_NF	4	ENSE00003790928	1	3		NA		GRCh38
Homo sapiens	106	1	ensembl_havana	exon	198752594	198752772	.	+	0	ENSG00000081237	20	PTPRC	ensembl_havana	protein_coding	ENST00000348564	11	PTPRC-201	ensembl_havana	protein_coding	basic	1	ENSE00002400118	1	28		NA	CCDS1398	GRCh38
Homo sapiens	106	11	havana	exon	35209965	35210054	.	+	0	ENSG00000026508	21	CD44	ensembl_havana	protein_coding	ENST00000531873	5	CD44-234	havana	protein_coding	mRNA_start_NF	3	ENSE00000710485	1	4		NA		GRCh38
Homo sapiens	106	11	ensembl_havana	exon	35186832	35186900	.	+	0	ENSG00000026508	21	CD44	ensembl_havana	protein_coding	ENST00000263398	11	CD44-201	ensembl_havana	protein_coding	basic	1	ENSE00003504402	1	4		NA	CCDS31457	GRCh38
Homo sapiens	106	11	havana	exon	35201082	35201195	.	+	0	ENSG00000026508	21	CD44	ensembl_havana	protein_coding	ENST00000524922	1	CD44-212	havana	protein_coding	mRNA_start_NF	3	ENSE00003692209	1	3		NA		GRCh38
Homo sapiens	106	1	havana	exon	198718094	198718302	.	+	0	ENSG00000081237	20	PTPRC	ensembl_havana	protein_coding	ENST00000530727	5	PTPRC-214	havana	protein_coding	mRNA_end_NF	1	ENSE00003101654	1	12		NA		GRCh38
Homo sapiens	106	11	ensembl_havana	exon	35219316	35219387	.	+	0	ENSG00000026508	21	CD44	ensembl_havana	protein_coding	ENST00000352818	8	CD44-205	ensembl_havana	protein_coding	basic	1	ENSE00003632343	1	6		NA	CCDS55755	GRCh38
Homo sapiens	106	11	havana	exon	35186843	35186900	.	+	0	ENSG00000026508	21	CD44	ensembl_havana	protein_coding	ENST00000531110	6	CD44-231	havana	protein_coding	mRNA_start_NF	3	ENSE00002195645	1	1		NA		GRCh38
Homo sapiens	106	1	ensembl_havana	exon	198752249	198752371	.	+	0	ENSG00000081237	20	PTPRC	ensembl_havana	protein_coding	ENST00000442510	8	PTPRC-209	ensembl_havana	protein_coding	basic	1	ENSE00002415158	1	30		NA	CCDS1397	GRCh38
Homo sapiens	106	1	havana	exon	154434990	154435156	.	+	0	ENSG00000160712	13	IL6R	ensembl_havana	protein_coding	ENST00000515190	1	IL6R-207	havana	protein_coding	mRNA_start_NF	2	ENSE00001174403	1	2		NA		GRCh38
Homo sapiens	106	11	havana	exon	35201144	35201195	.	+	0	ENSG00000026508	21	CD44	ensembl_havana	protein_coding	ENST00000534082	1	CD44-237	havana	retained_intron		2	ENSE00002157331	1	1		NA		GRCh38
Homo sapiens	106	1	havana	exon	198699564	198700146	.	+	0	ENSG00000081237	20	PTPRC	ensembl_havana	protein_coding	ENST00000484135	1	PTPRC-211	havana	retained_intron	mRNA_end_NF	5	ENSE00001953578	1	2		NA		GRCh38
Homo sapiens	106	1	havana	exon	198708133	198708261	.	+	0	ENSG00000081237	20	PTPRC	ensembl_havana	protein_coding	ENST00000530727	5	PTPRC-214	havana	protein_coding	mRNA_end_NF	1	ENSE00003005163	1	8		NA		GRCh38
Homo sapiens	106	11	ensembl_havana	exon	35221654	35221732	.	+	0	ENSG00000026508	21	CD44	ensembl_havana	protein_coding	ENST00000263398	11	CD44-201	ensembl_havana	protein_coding	basic	1	ENSE00003534676	1	8		NA	CCDS31457	GRCh38
Homo sapiens	106	1	havana	exon	198729137	198729171	.	+	0	ENSG00000081237	20	PTPRC	ensembl_havana	protein_coding	ENST00000367367	8	PTPRC-203	havana	protein_coding	mRNA_end_NF	2	ENSE00003083554	1	16		NA		GRCh38
Homo sapiens	106	11	ensembl_havana	exon	35214852	35214914	.	+	0	ENSG00000026508	21	CD44	ensembl_havana	protein_coding	ENST00000415148	6	CD44-206	ensembl_havana	protein_coding	basic	1	ENSE00003526469	1	14		NA	CCDS31455	GRCh38
Homo sapiens	106	1	ensembl	exon	154437435	154437544	.	+	0	ENSG00000160712	13	IL6R	ensembl_havana	protein_coding	ENST00000622330	4	IL6R-208	ensembl	protein_coding	basic	1	ENSE00003742545	1	7		NA	CCDS72927	GRCh38
Homo sapiens	106	1	havana	exon	198696712	198696909	.	+	0	ENSG00000081237	20	PTPRC	ensembl_havana	protein_coding	ENST00000529828	5	PTPRC-213	havana	non_stop_decay		1	ENSE00003024062	1	4		NA		GRCh38
Homo sapiens	106	1	havana	exon	198699564	198699704	.	+	0	ENSG00000081237	20	PTPRC	ensembl_havana	protein_coding	ENST00000530727	5	PTPRC-214	havana	protein_coding	mRNA_end_NF	1	ENSE00003622734	1	4		NA		GRCh38
Homo sapiens	106	11	ensembl_havana	exon	35209965	35210054	.	+	0	ENSG00000026508	21	CD44	ensembl_havana	protein_coding	ENST00000415148	6	CD44-206	ensembl_havana	protein_coding	basic	1	ENSE00000710485	1	12		NA	CCDS31455	GRCh38
Homo sapiens	106	11	havana	exon	35176699	35176740	.	+	0	ENSG00000026508	21	CD44	ensembl_havana	protein_coding	ENST00000528455	5	CD44-228	havana	protein_coding	mRNA_start_NF	3	ENSE00002197227	1	1		NA		GRCh38
Homo sapiens	106	1	havana	exon	198718094	198718302	.	+	0	ENSG00000081237	20	PTPRC	ensembl_havana	protein_coding	ENST00000529828	5	PTPRC-213	havana	non_stop_decay		1	ENSE00003101654	1	13		NA		GRCh38
Homo sapiens	106	11	ensembl_havana	exon	35189835	35190065	.	+	0	ENSG00000026508	21	CD44	ensembl_havana	protein_coding	ENST00000425428	6	CD44-207	ensembl_havana	nonsense_mediated_decay		1	ENSE00003477603	1	4		NA		GRCh38
Homo sapiens	106	11	havana	exon	35198121	35198246	.	+	0	ENSG00000026508	21	CD44	ensembl_havana	protein_coding	ENST00000533222	5	CD44-236	havana	protein_coding	mRNA_start_NF	2	ENSE00003678600	1	2		NA		GRCh38
Homo sapiens	106	1	havana	exon	198706734	198706952	.	+	0	ENSG00000081237	20	PTPRC	ensembl_havana	protein_coding	ENST00000367367	8	PTPRC-203	havana	protein_coding	mRNA_end_NF	2	ENSE00003204115	1	8		NA		GRCh38
Homo sapiens	106	11	havana	exon	35201082	35201195	.	+	0	ENSG00000026508	21	CD44	ensembl_havana	protein_coding	ENST00000525348	1	CD44-217	havana	retained_intron		3	ENSE00003687007	1	2		NA		GRCh38
Homo sapiens	106	1	havana	exon	198706734	198706952	.	+	0	ENSG00000081237	20	PTPRC	ensembl_havana	protein_coding	ENST00000367379	6	PTPRC-204	havana	protein_coding	mRNA_end_NF	5	ENSE00003204115	1	6		NA		GRCh38
Homo sapiens	106	11	havana	exon	35219316	35219387	.	+	0	ENSG00000026508	21	CD44	ensembl_havana	protein_coding	ENST00000278385	10	CD44-202	havana	protein_coding	mRNA_start_NF	3	ENSE00003632343	1	5		NA		GRCh38
Homo sapiens	106	11	havana	exon	35211246	35211342	.	+	0	ENSG00000026508	21	CD44	ensembl_havana	protein_coding	ENST00000533222	5	CD44-236	havana	protein_coding	mRNA_start_NF	2	ENSE00002195540	1	5		NA		GRCh38
Homo sapiens	106	1	ensembl_havana	exon	154465134	154469450	.	+	0	ENSG00000160712	13	IL6R	ensembl_havana	protein_coding	ENST00000368485	8	IL6R-202	ensembl_havana	protein_coding	basic	1	ENSE00001796755	2	10		NA	CCDS1067	GRCh38
Homo sapiens	106	11	havana	exon	35206112	35206243	.	+	0	ENSG00000026508	21	CD44	ensembl_havana	protein_coding	ENST00000525211	6	CD44-214	havana	protein_coding	mRNA_end_NF	5	ENSE00000710490	1	6		NA		GRCh38
Homo sapiens	106	1	havana	exon	198699564	198699704	.	+	0	ENSG00000081237	20	PTPRC	ensembl_havana	protein_coding	ENST00000367367	8	PTPRC-203	havana	protein_coding	mRNA_end_NF	2	ENSE00003622734	1	4		NA		GRCh38
Homo sapiens	106	1	ensembl_havana	exon	198748109	198748199	.	+	0	ENSG00000081237	20	PTPRC	ensembl_havana	protein_coding	ENST00000442510	8	PTPRC-209	ensembl_havana	protein_coding	basic	1	ENSE00002347823	1	27		NA	CCDS1397	GRCh38
Homo sapiens	106	1	havana	exon	198699564	198699620	.	+	0	ENSG00000081237	20	PTPRC	ensembl_havana	protein_coding	ENST00000418674	1	PTPRC-207	havana	protein_coding	mRNA_end_NF	2	ENSE00001795411	1	4		NA		GRCh38
Homo sapiens	106	1	ensembl_havana	exon	154449911	154449980	.	+	0	ENSG00000160712	13	IL6R	ensembl_havana	protein_coding	ENST00000344086	8	IL6R-201	ensembl_havana	protein_coding	basic	1	ENSE00003630319	1	8		NA	CCDS1068	GRCh38
Homo sapiens	106	1	havana	exon	154454488	154454583	.	+	0	ENSG00000160712	13	IL6R	ensembl_havana	protein_coding	ENST00000515190	1	IL6R-207	havana	protein_coding	mRNA_start_NF	2	ENSE00002052716	1	6		NA		GRCh38
Homo sapiens	106	11	ensembl_havana	exon	35204512	35204640	.	+	0	ENSG00000026508	21	CD44	ensembl_havana	protein_coding	ENST00000428726	8	CD44-208	ensembl_havana	protein_coding	basic	1	ENSE00003469853	1	10		NA	CCDS7897	GRCh38
Homo sapiens	106	1	ensembl	exon	154429196	154429444	.	+	0	ENSG00000160712	13	IL6R	ensembl_havana	protein_coding	ENST00000622330	4	IL6R-208	ensembl	protein_coding	basic	1	ENSE00001174424	1	2		NA	CCDS72927	GRCh38
Homo sapiens	106	1	havana	exon	198702387	198702530	.	+	0	ENSG00000081237	20	PTPRC	ensembl_havana	protein_coding	ENST00000391970	3	PTPRC-205	havana	processed_transcript		1	ENSE00003692273	1	4		NA		GRCh38
Homo sapiens	106	11	havana	exon	35176628	35176740	.	+	0	ENSG00000026508	21	CD44	ensembl_havana	protein_coding	ENST00000279452	10	CD44-204	havana	protein_coding	mRNA_start_NF	3	ENSE00002153584	1	1		NA		GRCh38
Homo sapiens	106	11	havana	exon	35218929	35219387	.	+	0	ENSG00000026508	21	CD44	ensembl_havana	protein_coding	ENST00000531141	1	CD44-233	havana	retained_intron		2	ENSE00002150934	1	1		NA		GRCh38
Homo sapiens	106	1	ensembl_havana	exon	198734328	198734425	.	+	0	ENSG00000081237	20	PTPRC	ensembl_havana	protein_coding	ENST00000442510	8	PTPRC-209	ensembl_havana	protein_coding	basic	1	ENSE00003002248	1	22		NA	CCDS1397	GRCh38
Homo sapiens	106	1	ensembl_havana	exon	198732300	198732390	.	+	0	ENSG00000081237	20	PTPRC	ensembl_havana	protein_coding	ENST00000348564	11	PTPRC-201	ensembl_havana	protein_coding	basic	1	ENSE00002981112	1	16		NA	CCDS1398	GRCh38
Homo sapiens	106	1	havana	exon	198692347	198692373	.	+	0	ENSG00000081237	20	PTPRC	ensembl_havana	protein_coding	ENST00000643513	1	PTPRC-215	havana	protein_coding	mRNA_end_NF	NA	ENSE00003551747	1	3		NA		GRCh38
Homo sapiens	106	11	havana	exon	35221654	35221732	.	+	0	ENSG00000026508	21	CD44	ensembl_havana	protein_coding	ENST00000279452	10	CD44-204	havana	protein_coding	mRNA_start_NF	3	ENSE00003534676	1	7		NA		GRCh38
Homo sapiens	106	1	ensembl_havana	exon	154434519	154434700	.	+	0	ENSG00000160712	13	IL6R	ensembl_havana	protein_coding	ENST00000368485	8	IL6R-202	ensembl_havana	protein_coding	basic	1	ENSE00001174408	1	4		NA	CCDS1067	GRCh38
Homo sapiens	106	1	havana	exon	198731617	198731726	.	+	0	ENSG00000081237	20	PTPRC	ensembl_havana	protein_coding	ENST00000367367	8	PTPRC-203	havana	protein_coding	mRNA_end_NF	2	ENSE00003094512	1	17		NA		GRCh38
Homo sapiens	106	1	havana	exon	198708133	198708261	.	+	0	ENSG00000081237	20	PTPRC	ensembl_havana	protein_coding	ENST00000529828	5	PTPRC-213	havana	non_stop_decay		1	ENSE00003005163	1	9		NA		GRCh38
Homo sapiens	106	11	havana	exon	35176575	35176740	.	+	0	ENSG00000026508	21	CD44	ensembl_havana	protein_coding	ENST00000528086	5	CD44-227	havana	processed_transcript		5	ENSE00003485510	1	2		NA		GRCh38
Homo sapiens	106	1	havana	exon	198732480	198732556	.	+	0	ENSG00000081237	20	PTPRC	ensembl_havana	protein_coding	ENST00000529828	5	PTPRC-213	havana	non_stop_decay		1	ENSE00003788019	1	19		NA		GRCh38
Homo sapiens	106	11	havana	exon	35186832	35186900	.	+	0	ENSG00000026508	21	CD44	ensembl_havana	protein_coding	ENST00000531118	5	CD44-232	havana	retained_intron		2	ENSE00003506110	1	3		NA		GRCh38
Homo sapiens	106	1	ensembl_havana	exon	154429196	154429444	.	+	0	ENSG00000160712	13	IL6R	ensembl_havana	protein_coding	ENST00000344086	8	IL6R-201	ensembl_havana	protein_coding	basic	1	ENSE00001174424	1	2		NA	CCDS1068	GRCh38
Homo sapiens	106	11	ensembl_havana	exon	35221654	35221732	.	+	0	ENSG00000026508	21	CD44	ensembl_havana	protein_coding	ENST00000352818	8	CD44-205	ensembl_havana	protein_coding	basic	1	ENSE00003534676	1	7		NA	CCDS55755	GRCh38
Homo sapiens	106	11	havana	exon	35221654	35221732	.	+	0	ENSG00000026508	21	CD44	ensembl_havana	protein_coding	ENST00000278385	10	CD44-202	havana	protein_coding	mRNA_start_NF	3	ENSE00003534676	1	6		NA		GRCh38
Homo sapiens	106	11	havana	exon	35208105	35208206	.	+	0	ENSG00000026508	21	CD44	ensembl_havana	protein_coding	ENST00000533222	5	CD44-236	havana	protein_coding	mRNA_start_NF	2	ENSE00003790928	1	3		NA		GRCh38
Homo sapiens	106	1	ensembl_havana	exon	198708133	198708261	.	+	0	ENSG00000081237	20	PTPRC	ensembl_havana	protein_coding	ENST00000348564	11	PTPRC-201	ensembl_havana	protein_coding	basic	1	ENSE00003005163	1	7		NA	CCDS1398	GRCh38
Homo sapiens	106	11	havana	exon	35197869	35198555	.	+	0	ENSG00000026508	21	CD44	ensembl_havana	protein_coding	ENST00000528922	1	CD44-230	havana	processed_transcript		5	ENSE00002153468	1	2		NA		GRCh38
Homo sapiens	106	1	ensembl_havana	exon	198732480	198732556	.	+	0	ENSG00000081237	20	PTPRC	ensembl_havana	protein_coding	ENST00000442510	8	PTPRC-209	ensembl_havana	protein_coding	basic	1	ENSE00003788019	1	20		NA	CCDS1397	GRCh38
Homo sapiens	106	1	havana	exon	198692347	198692373	.	+	0	ENSG00000081237	20	PTPRC	ensembl_havana	protein_coding	ENST00000530727	5	PTPRC-214	havana	protein_coding	mRNA_end_NF	1	ENSE00003551747	1	3		NA		GRCh38
Homo sapiens	106	1	ensembl_havana	exon	198712953	198713072	.	+	0	ENSG00000081237	20	PTPRC	ensembl_havana	protein_coding	ENST00000348564	11	PTPRC-201	ensembl_havana	protein_coding	basic	1	ENSE00003033137	1	9		NA	CCDS1398	GRCh38
Homo sapiens	106	1	havana	exon	198639226	198639341	.	+	0	ENSG00000081237	20	PTPRC	ensembl_havana	protein_coding	ENST00000530727	5	PTPRC-214	havana	protein_coding	mRNA_end_NF	1	ENSE00003551252	1	2		NA		GRCh38
Homo sapiens	106	11	havana	exon	35189835	35190065	.	+	0	ENSG00000026508	21	CD44	ensembl_havana	protein_coding	ENST00000531110	6	CD44-231	havana	protein_coding	mRNA_start_NF	3	ENSE00003639932	1	2		NA		GRCh38
Homo sapiens	106	11	havana	exon	35176575	35176740	.	+	0	ENSG00000026508	21	CD44	ensembl_havana	protein_coding	ENST00000526000	6	CD44-221	havana	protein_coding	mRNA_start_NF	5	ENSE00003561898	1	1		NA		GRCh38
Homo sapiens	106	1	ensembl_havana	exon	198639226	198639341	.	+	0	ENSG00000081237	20	PTPRC	ensembl_havana	protein_coding	ENST00000348564	11	PTPRC-201	ensembl_havana	protein_coding	basic	1	ENSE00003551252	1	2		NA	CCDS1398	GRCh38
Homo sapiens	106	1	ensembl_havana	exon	198716682	198716840	.	+	0	ENSG00000081237	20	PTPRC	ensembl_havana	protein_coding	ENST00000442510	8	PTPRC-209	ensembl_havana	protein_coding	basic	1	ENSE00003657407	1	13		NA	CCDS1397	GRCh38
Homo sapiens	106	11	ensembl_havana	exon	35180274	35180407	.	+	0	ENSG00000026508	21	CD44	ensembl_havana	protein_coding	ENST00000434472	6	CD44-210	ensembl_havana	protein_coding	basic	1	ENSE00003658180	1	3		NA	CCDS55754	GRCh38
Homo sapiens	106	11	ensembl_havana	exon	35214852	35214914	.	+	0	ENSG00000026508	21	CD44	ensembl_havana	protein_coding	ENST00000434472	6	CD44-210	ensembl_havana	protein_coding	basic	1	ENSE00003526469	1	7		NA	CCDS55754	GRCh38
Homo sapiens	106	11	havana	exon	35186832	35186900	.	+	0	ENSG00000026508	21	CD44	ensembl_havana	protein_coding	ENST00000527889	6	CD44-226	havana	protein_coding	mRNA_start_NF	3	ENSE00003504402	1	3		NA		GRCh38
Homo sapiens	106	11	ensembl_havana	exon	35219316	35219387	.	+	0	ENSG00000026508	21	CD44	ensembl_havana	protein_coding	ENST00000434472	6	CD44-210	ensembl_havana	protein_coding	basic	1	ENSE00003632343	1	8		NA	CCDS55754	GRCh38
Homo sapiens	106	1	ensembl_havana	exon	198750492	198750626	.	+	0	ENSG00000081237	20	PTPRC	ensembl_havana	protein_coding	ENST00000348564	11	PTPRC-201	ensembl_havana	protein_coding	basic	1	ENSE00002364303	1	26		NA	CCDS1398	GRCh38
Homo sapiens	106	11	ensembl_havana	exon	35189835	35190065	.	+	0	ENSG00000026508	21	CD44	ensembl_havana	protein_coding	ENST00000434472	6	CD44-210	ensembl_havana	protein_coding	basic	1	ENSE00003639932	1	5		NA	CCDS55754	GRCh38
Homo sapiens	106	1	ensembl_havana	exon	198748109	198748199	.	+	0	ENSG00000081237	20	PTPRC	ensembl_havana	protein_coding	ENST00000348564	11	PTPRC-201	ensembl_havana	protein_coding	basic	1	ENSE00002347823	1	24		NA	CCDS1398	GRCh38
Homo sapiens	106	1	havana	exon	198728340	198728448	.	+	0	ENSG00000081237	20	PTPRC	ensembl_havana	protein_coding	ENST00000367367	8	PTPRC-203	havana	protein_coding	mRNA_end_NF	2	ENSE00003098735	1	15		NA		GRCh38
Homo sapiens	106	1	ensembl_havana	exon	154405223	154405714	.	+	0	ENSG00000160712	13	IL6R	ensembl_havana	protein_coding	ENST00000344086	8	IL6R-201	ensembl_havana	protein_coding	basic	1	ENSE00002027618	1	1		NA	CCDS1068	GRCh38
Homo sapiens	106	11	ensembl_havana	exon	35221654	35221732	.	+	0	ENSG00000026508	21	CD44	ensembl_havana	protein_coding	ENST00000428726	8	CD44-208	ensembl_havana	protein_coding	basic	1	ENSE00003534676	1	17		NA	CCDS7897	GRCh38
Homo sapiens	106	1	ensembl_havana	exon	198699564	198699704	.	+	0	ENSG00000081237	20	PTPRC	ensembl_havana	protein_coding	ENST00000462363	6	PTPRC-210	ensembl_havana	retained_intron		1	ENSE00003556082	1	4		NA		GRCh38
Homo sapiens	106	11	havana	exon	35214852	35214914	.	+	0	ENSG00000026508	21	CD44	ensembl_havana	protein_coding	ENST00000525688	5	CD44-220	havana	protein_coding	mRNA_start_NF	5	ENSE00003526469	1	3		NA		GRCh38
Homo sapiens	106	1	ensembl_havana	exon	198638968	198639137	.	+	0	ENSG00000081237	20	PTPRC	ensembl_havana	protein_coding	ENST00000348564	11	PTPRC-201	ensembl_havana	protein_coding	basic	1	ENSE00003822967	1	1		NA	CCDS1398	GRCh38
Homo sapiens	106	1	havana	exon	198712953	198713072	.	+	0	ENSG00000081237	20	PTPRC	ensembl_havana	protein_coding	ENST00000367367	8	PTPRC-203	havana	protein_coding	mRNA_end_NF	2	ENSE00003033137	1	11		NA		GRCh38
Homo sapiens	106	1	ensembl	exon	154435969	154436110	.	+	0	ENSG00000160712	13	IL6R	ensembl_havana	protein_coding	ENST00000622330	4	IL6R-208	ensembl	protein_coding	basic	1	ENSE00001174398	1	6		NA	CCDS72927	GRCh38
Homo sapiens	106	11	ensembl_havana	exon	35229129	35229333	.	+	0	ENSG00000026508	21	CD44	ensembl_havana	protein_coding	ENST00000352818	8	CD44-205	ensembl_havana	protein_coding	basic	1	ENSE00003604394	1	8		NA	CCDS55755	GRCh38
Homo sapiens	106	1	ensembl_havana	exon	198708133	198708261	.	+	0	ENSG00000081237	20	PTPRC	ensembl_havana	protein_coding	ENST00000442510	8	PTPRC-209	ensembl_havana	protein_coding	basic	1	ENSE00003005163	1	10		NA	CCDS1397	GRCh38
Homo sapiens	106	11	ensembl_havana	exon	35139171	35139370	.	+	0	ENSG00000026508	21	CD44	ensembl_havana	protein_coding	ENST00000263398	11	CD44-201	ensembl_havana	protein_coding	basic	1	ENSE00003896435	1	1		NA	CCDS31457	GRCh38
Homo sapiens	106	11	ensembl_havana	exon	35176575	35176740	.	+	0	ENSG00000026508	21	CD44	ensembl_havana	protein_coding	ENST00000428726	8	CD44-208	ensembl_havana	protein_coding	basic	1	ENSE00003561898	1	2		NA	CCDS7897	GRCh38
Homo sapiens	106	1	havana	exon	198706734	198706875	.	+	0	ENSG00000081237	20	PTPRC	ensembl_havana	protein_coding	ENST00000643513	1	PTPRC-215	havana	protein_coding	mRNA_end_NF	NA	ENSE00003820212	1	7		NA		GRCh38
Homo sapiens	106	11	havana	exon	35201621	35201787	.	+	0	ENSG00000026508	21	CD44	ensembl_havana	protein_coding	ENST00000525293	5	CD44-216	havana	retained_intron		3	ENSE00002193053	1	1		NA		GRCh38
Homo sapiens	106	11	havana	exon	35180274	35180407	.	+	0	ENSG00000026508	21	CD44	ensembl_havana	protein_coding	ENST00000526000	6	CD44-221	havana	protein_coding	mRNA_start_NF	5	ENSE00003658180	1	2		NA		GRCh38
Homo sapiens	106	11	ensembl_havana	exon	35211246	35211449	.	+	0	ENSG00000026508	21	CD44	ensembl_havana	protein_coding	ENST00000433892	6	CD44-209	ensembl_havana	protein_coding	basic	1	ENSE00003608645	1	8		NA	CCDS31456	GRCh38
Homo sapiens	106	11	ensembl_havana	exon	35221654	35221732	.	+	0	ENSG00000026508	21	CD44	ensembl_havana	protein_coding	ENST00000433892	6	CD44-209	ensembl_havana	protein_coding	basic	1	ENSE00003534676	1	11		NA	CCDS31456	GRCh38
Homo sapiens	106	1	ensembl_havana	exon	198744054	198744203	.	+	0	ENSG00000081237	20	PTPRC	ensembl_havana	protein_coding	ENST00000442510	8	PTPRC-209	ensembl_havana	protein_coding	basic	1	ENSE00002370838	1	26		NA	CCDS1397	GRCh38
Homo sapiens	106	11	ensembl_havana	exon	35189835	35190065	.	+	0	ENSG00000026508	21	CD44	ensembl_havana	protein_coding	ENST00000415148	6	CD44-206	ensembl_havana	protein_coding	basic	1	ENSE00003639932	1	5		NA	CCDS31455	GRCh38
Homo sapiens	106	11	ensembl_havana	exon	35139306	35139370	.	+	0	ENSG00000026508	21	CD44	ensembl_havana	protein_coding	ENST00000442151	6	CD44-211	ensembl_havana	protein_coding	mRNA_start_NF	1	ENSE00002198941	1	1		NA		GRCh38
Homo sapiens	106	1	ensembl_havana	exon	198722416	198722476	.	+	0	ENSG00000081237	20	PTPRC	ensembl_havana	protein_coding	ENST00000442510	8	PTPRC-209	ensembl_havana	protein_coding	basic	1	ENSE00003220965	1	15		NA	CCDS1397	GRCh38
Homo sapiens	106	11	havana	exon	35229129	35229789	.	+	0	ENSG00000026508	21	CD44	ensembl_havana	protein_coding	ENST00000525469	1	CD44-218	havana	protein_coding	mRNA_start_NF	3	ENSE00002167362	1	2		NA		GRCh38
Homo sapiens	106	1	havana	exon	198734328	198734425	.	+	0	ENSG00000081237	20	PTPRC	ensembl_havana	protein_coding	ENST00000529828	5	PTPRC-213	havana	non_stop_decay		1	ENSE00003002248	1	21		NA		GRCh38
Homo sapiens	106	11	havana	exon	35208105	35208206	.	+	0	ENSG00000026508	21	CD44	ensembl_havana	protein_coding	ENST00000278385	10	CD44-202	havana	protein_coding	mRNA_start_NF	3	ENSE00003790928	1	2		NA		GRCh38
Homo sapiens	106	1	ensembl_havana	exon	198703298	198703874	.	+	0	ENSG00000081237	20	PTPRC	ensembl_havana	protein_coding	ENST00000462363	6	PTPRC-210	ensembl_havana	retained_intron		1	ENSE00001936709	1	5		NA		GRCh38
Homo sapiens	106	11	havana	exon	35209965	35209974	.	+	0	ENSG00000026508	21	CD44	ensembl_havana	protein_coding	ENST00000528086	5	CD44-227	havana	processed_transcript		5	ENSE00002164541	1	5		NA		GRCh38
Homo sapiens	106	11	havana	exon	35208105	35208206	.	+	0	ENSG00000026508	21	CD44	ensembl_havana	protein_coding	ENST00000526553	6	CD44-223	havana	protein_coding	mRNA_start_NF	4	ENSE00003790928	1	4		NA		GRCh38
Homo sapiens	106	11	ensembl_havana	exon	35221654	35221732	.	+	0	ENSG00000026508	21	CD44	ensembl_havana	protein_coding	ENST00000415148	6	CD44-206	ensembl_havana	protein_coding	basic	1	ENSE00003534676	1	16		NA	CCDS31455	GRCh38
Homo sapiens	106	11	havana	exon	35204512	35204640	.	+	0	ENSG00000026508	21	CD44	ensembl_havana	protein_coding	ENST00000531110	6	CD44-231	havana	protein_coding	mRNA_start_NF	3	ENSE00003469853	1	3		NA		GRCh38
Homo sapiens	106	11	ensembl_havana	exon	35211246	35211449	.	+	0	ENSG00000026508	21	CD44	ensembl_havana	protein_coding	ENST00000415148	6	CD44-206	ensembl_havana	protein_coding	basic	1	ENSE00003608645	1	13		NA	CCDS31455	GRCh38
Homo sapiens	106	11	ensembl_havana	exon	35198121	35198246	.	+	0	ENSG00000026508	21	CD44	ensembl_havana	protein_coding	ENST00000415148	6	CD44-206	ensembl_havana	protein_coding	basic	1	ENSE00003678600	1	6		NA	CCDS31455	GRCh38
Homo sapiens	106	11	ensembl_havana	exon	35209965	35210054	.	+	0	ENSG00000026508	21	CD44	ensembl_havana	protein_coding	ENST00000428726	8	CD44-208	ensembl_havana	protein_coding	basic	1	ENSE00000710485	1	13		NA	CCDS7897	GRCh38
Homo sapiens	106	1	ensembl_havana	exon	198639073	198639137	.	+	0	ENSG00000081237	20	PTPRC	ensembl_havana	protein_coding	ENST00000462363	6	PTPRC-210	ensembl_havana	retained_intron		1	ENSE00002222716	1	1		NA		GRCh38
Homo sapiens	106	11	havana	exon	35198121	35198246	.	+	0	ENSG00000026508	21	CD44	ensembl_havana	protein_coding	ENST00000525209	5	CD44-213	havana	processed_transcript		4	ENSE00003637485	1	4		NA		GRCh38
Homo sapiens	106	11	ensembl_havana	exon	35186832	35186900	.	+	0	ENSG00000026508	21	CD44	ensembl_havana	protein_coding	ENST00000434472	6	CD44-210	ensembl_havana	protein_coding	basic	1	ENSE00003504402	1	4		NA	CCDS55754	GRCh38
Homo sapiens	106	1	ensembl_havana	exon	198744054	198744203	.	+	0	ENSG00000081237	20	PTPRC	ensembl_havana	protein_coding	ENST00000348564	11	PTPRC-201	ensembl_havana	protein_coding	basic	1	ENSE00002370838	1	23		NA	CCDS1398	GRCh38
Homo sapiens	106	11	havana	exon	35221654	35221732	.	+	0	ENSG00000026508	21	CD44	ensembl_havana	protein_coding	ENST00000525688	5	CD44-220	havana	protein_coding	mRNA_start_NF	5	ENSE00003534676	1	5		NA		GRCh38
Homo sapiens	106	1	havana	exon	198708133	198708157	.	+	0	ENSG00000081237	20	PTPRC	ensembl_havana	protein_coding	ENST00000367379	6	PTPRC-204	havana	protein_coding	mRNA_end_NF	5	ENSE00001444386	1	7		NA		GRCh38
Homo sapiens	106	11	ensembl_havana	exon	35139188	35139370	.	+	0	ENSG00000026508	21	CD44	ensembl_havana	protein_coding	ENST00000433892	6	CD44-209	ensembl_havana	protein_coding	basic	1	ENSE00002147556	1	1		NA	CCDS31456	GRCh38
Homo sapiens	106	11	ensembl_havana	exon	35139170	35139370	.	+	0	ENSG00000026508	21	CD44	ensembl_havana	protein_coding	ENST00000415148	6	CD44-206	ensembl_havana	protein_coding	basic	1	ENSE00002197258	1	1		NA	CCDS31455	GRCh38
Homo sapiens	106	11	havana	exon	35189926	35190065	.	+	0	ENSG00000026508	21	CD44	ensembl_havana	protein_coding	ENST00000525241	1	CD44-215	havana	retained_intron		2	ENSE00002156359	1	1		NA		GRCh38
Homo sapiens	106	11	havana	exon	35201082	35201195	.	+	0	ENSG00000026508	21	CD44	ensembl_havana	protein_coding	ENST00000534296	5	CD44-238	havana	retained_intron		3	ENSE00003687007	1	2		NA		GRCh38
Homo sapiens	106	1	havana	exon	198696881	198696909	.	+	0	ENSG00000081237	20	PTPRC	ensembl_havana	protein_coding	ENST00000484135	1	PTPRC-211	havana	retained_intron	mRNA_end_NF	5	ENSE00001931015	1	1		NA		GRCh38
Homo sapiens	106	11	havana	exon	35209965	35210054	.	+	0	ENSG00000026508	21	CD44	ensembl_havana	protein_coding	ENST00000278385	10	CD44-202	havana	protein_coding	mRNA_start_NF	3	ENSE00000710485	1	3		NA		GRCh38
Homo sapiens	106	1	ensembl_havana	exon	198639040	198639137	.	+	0	ENSG00000081237	20	PTPRC	ensembl_havana	protein_coding	ENST00000442510	8	PTPRC-209	ensembl_havana	protein_coding	basic	1	ENSE00003817282	2	1		NA	CCDS1397	GRCh38
Homo sapiens	106	1	havana	exon	198638457	198638698	.	+	0	ENSG00000081237	20	PTPRC	ensembl_havana	protein_coding	ENST00000367379	6	PTPRC-204	havana	protein_coding	mRNA_end_NF	5	ENSE00001444388	2	1		NA		GRCh38
Homo sapiens	106	1	ensembl_havana	exon	198706734	198706952	.	+	0	ENSG00000081237	20	PTPRC	ensembl_havana	protein_coding	ENST00000348564	11	PTPRC-201	ensembl_havana	protein_coding	basic	1	ENSE00003204115	1	6		NA	CCDS1398	GRCh38
Homo sapiens	106	1	ensembl_havana	exon	198639226	198639341	.	+	0	ENSG00000081237	20	PTPRC	ensembl_havana	protein_coding	ENST00000413409	6	PTPRC-206	ensembl_havana	protein_coding	basic	1	ENSE00003551252	1	2		NA	CCDS44291	GRCh38
Homo sapiens	106	1	ensembl_havana	exon	198734328	198734425	.	+	0	ENSG00000081237	20	PTPRC	ensembl_havana	protein_coding	ENST00000348564	11	PTPRC-201	ensembl_havana	protein_coding	basic	1	ENSE00003002248	1	19		NA	CCDS1398	GRCh38
Homo sapiens	106	1	havana	exon	198706734	198706952	.	+	0	ENSG00000081237	20	PTPRC	ensembl_havana	protein_coding	ENST00000530727	5	PTPRC-214	havana	protein_coding	mRNA_end_NF	1	ENSE00003204115	1	7		NA		GRCh38
Homo sapiens	106	1	ensembl_havana	exon	198741869	198742026	.	+	0	ENSG00000081237	20	PTPRC	ensembl_havana	protein_coding	ENST00000348564	11	PTPRC-201	ensembl_havana	protein_coding	basic	1	ENSE00002419276	1	21		NA	CCDS1398	GRCh38
Homo sapiens	106	11	ensembl_havana	exon	35186832	35186900	.	+	0	ENSG00000026508	21	CD44	ensembl_havana	protein_coding	ENST00000442151	6	CD44-211	ensembl_havana	protein_coding	mRNA_start_NF	1	ENSE00003504402	1	4		NA		GRCh38
Homo sapiens	106	1	havana	exon	198639046	198639137	.	+	0	ENSG00000081237	20	PTPRC	ensembl_havana	protein_coding	ENST00000645247	1	PTPRC-216	havana	protein_coding	mRNA_end_NF	NA	ENSE00001605900	3	1		NA		GRCh38
Homo sapiens	106	1	ensembl_havana	exon	198718094	198718302	.	+	0	ENSG00000081237	20	PTPRC	ensembl_havana	protein_coding	ENST00000348564	11	PTPRC-201	ensembl_havana	protein_coding	basic	1	ENSE00003101654	1	11		NA	CCDS1398	GRCh38
Homo sapiens	106	1	havana	exon	198639226	198639341	.	+	0	ENSG00000081237	20	PTPRC	ensembl_havana	protein_coding	ENST00000367364	5	PTPRC-202	havana	protein_coding	basic	1	ENSE00003551252	1	2		NA		GRCh38
Homo sapiens	106	1	ensembl_havana	exon	154434990	154435156	.	+	0	ENSG00000160712	13	IL6R	ensembl_havana	protein_coding	ENST00000344086	8	IL6R-201	ensembl_havana	protein_coding	basic	1	ENSE00001174403	1	5		NA	CCDS1068	GRCh38
Homo sapiens	106	11	ensembl_havana	exon	35214852	35214914	.	+	0	ENSG00000026508	21	CD44	ensembl_havana	protein_coding	ENST00000442151	6	CD44-211	ensembl_havana	protein_coding	mRNA_start_NF	1	ENSE00003526469	1	6		NA		GRCh38
Homo sapiens	106	1	havana	exon	154405615	154405714	.	+	0	ENSG00000160712	13	IL6R	ensembl_havana	protein_coding	ENST00000512471	1	IL6R-206	havana	protein_coding	mRNA_end_NF	4	ENSE00002040503	1	1		NA		GRCh38
Homo sapiens	106	11	havana	exon	35208137	35208206	.	+	0	ENSG00000026508	21	CD44	ensembl_havana	protein_coding	ENST00000528086	5	CD44-227	havana	processed_transcript		5	ENSE00002150529	1	4		NA		GRCh38
Homo sapiens	106	1	havana	exon	154465134	154465314	.	+	0	ENSG00000160712	13	IL6R	ensembl_havana	protein_coding	ENST00000507256	1	IL6R-205	havana	processed_transcript		4	ENSE00002065495	1	5		NA		GRCh38
Homo sapiens	106	11	ensembl_havana	exon	35189835	35190065	.	+	0	ENSG00000026508	21	CD44	ensembl_havana	protein_coding	ENST00000433892	6	CD44-209	ensembl_havana	protein_coding	basic	1	ENSE00003639932	1	5		NA	CCDS31456	GRCh38
Homo sapiens	106	1	havana	exon	198728340	198728448	.	+	0	ENSG00000081237	20	PTPRC	ensembl_havana	protein_coding	ENST00000529828	5	PTPRC-213	havana	non_stop_decay		1	ENSE00003098735	1	15		NA		GRCh38
Homo sapiens	106	11	ensembl_havana	exon	35229129	35230027	.	+	0	ENSG00000026508	21	CD44	ensembl_havana	protein_coding	ENST00000425428	6	CD44-207	ensembl_havana	nonsense_mediated_decay		1	ENSE00003649170	1	8		NA		GRCh38
Homo sapiens	106	11	ensembl_havana	exon	35229129	35230027	.	+	0	ENSG00000026508	21	CD44	ensembl_havana	protein_coding	ENST00000433892	6	CD44-209	ensembl_havana	protein_coding	basic	1	ENSE00003605502	1	12		NA	CCDS31456	GRCh38
Homo sapiens	106	1	ensembl_havana	exon	198732480	198732556	.	+	0	ENSG00000081237	20	PTPRC	ensembl_havana	protein_coding	ENST00000348564	11	PTPRC-201	ensembl_havana	protein_coding	basic	1	ENSE00003788019	1	17		NA	CCDS1398	GRCh38
Homo sapiens	106	1	havana	exon	198692347	198692373	.	+	0	ENSG00000081237	20	PTPRC	ensembl_havana	protein_coding	ENST00000367367	8	PTPRC-203	havana	protein_coding	mRNA_end_NF	2	ENSE00003551747	1	3		NA		GRCh38
Homo sapiens	106	1	havana	exon	198732300	198732390	.	+	0	ENSG00000081237	20	PTPRC	ensembl_havana	protein_coding	ENST00000530727	5	PTPRC-214	havana	protein_coding	mRNA_end_NF	1	ENSE00002981112	1	17		NA		GRCh38
Homo sapiens	106	11	havana	exon	35214852	35214914	.	+	0	ENSG00000026508	21	CD44	ensembl_havana	protein_coding	ENST00000525293	5	CD44-216	havana	retained_intron		3	ENSE00003473311	1	3		NA		GRCh38
Homo sapiens	106	11	ensembl_havana	exon	35219316	35219387	.	+	0	ENSG00000026508	21	CD44	ensembl_havana	protein_coding	ENST00000442151	6	CD44-211	ensembl_havana	protein_coding	mRNA_start_NF	1	ENSE00003632343	1	7		NA		GRCh38
Homo sapiens	106	1	havana	exon	198639104	198639137	.	+	0	ENSG00000081237	20	PTPRC	ensembl_havana	protein_coding	ENST00000529828	5	PTPRC-213	havana	non_stop_decay		1	ENSE00001785839	1	1		NA		GRCh38
Homo sapiens	106	1	ensembl_havana	exon	198728340	198728448	.	+	0	ENSG00000081237	20	PTPRC	ensembl_havana	protein_coding	ENST00000348564	11	PTPRC-201	ensembl_havana	protein_coding	basic	1	ENSE00003098735	1	13		NA	CCDS1398	GRCh38
Homo sapiens	106	11	havana	exon	35229129	35229460	.	+	0	ENSG00000026508	21	CD44	ensembl_havana	protein_coding	ENST00000526669	6	CD44-224	havana	protein_coding	basic	5	ENSE00002160064	1	6		NA		GRCh38
Homo sapiens	106	1	ensembl_havana	exon	198702387	198702530	.	+	0	ENSG00000081237	20	PTPRC	ensembl_havana	protein_coding	ENST00000442510	8	PTPRC-209	ensembl_havana	protein_coding	basic	1	ENSE00003671199	1	6		NA	CCDS1397	GRCh38
Homo sapiens	106	11	ensembl_havana	exon	35186832	35186900	.	+	0	ENSG00000026508	21	CD44	ensembl_havana	protein_coding	ENST00000352818	8	CD44-205	ensembl_havana	protein_coding	basic	1	ENSE00003504402	1	4		NA	CCDS55755	GRCh38
Homo sapiens	106	11	havana	exon	35201679	35201787	.	+	0	ENSG00000026508	21	CD44	ensembl_havana	protein_coding	ENST00000528672	1	CD44-229	havana	protein_coding	mRNA_start_NF	4	ENSE00002162882	1	1		NA		GRCh38
Homo sapiens	106	1	havana	exon	198704472	198704498	.	+	0	ENSG00000081237	20	PTPRC	ensembl_havana	protein_coding	ENST00000367367	8	PTPRC-203	havana	protein_coding	mRNA_end_NF	2	ENSE00003144868	1	7		NA		GRCh38
Homo sapiens	106	11	havana	exon	35209965	35210054	.	+	0	ENSG00000026508	21	CD44	ensembl_havana	protein_coding	ENST00000526553	6	CD44-223	havana	protein_coding	mRNA_start_NF	4	ENSE00000710485	1	5		NA		GRCh38
Homo sapiens	106	11	havana	exon	35214852	35214914	.	+	0	ENSG00000026508	21	CD44	ensembl_havana	protein_coding	ENST00000278385	10	CD44-202	havana	protein_coding	mRNA_start_NF	3	ENSE00003526469	1	4		NA		GRCh38
Homo sapiens	106	11	ensembl_havana	exon	35206112	35206243	.	+	0	ENSG00000026508	21	CD44	ensembl_havana	protein_coding	ENST00000428726	8	CD44-208	ensembl_havana	protein_coding	basic	1	ENSE00000710490	1	11		NA	CCDS7897	GRCh38
Homo sapiens	106	1	ensembl_havana	exon	198709687	198709824	.	+	0	ENSG00000081237	20	PTPRC	ensembl_havana	protein_coding	ENST00000442510	8	PTPRC-209	ensembl_havana	protein_coding	basic	1	ENSE00003105184	1	11		NA	CCDS1397	GRCh38
Homo sapiens	106	1	ensembl_havana	exon	198754269	198754404	.	+	0	ENSG00000081237	20	PTPRC	ensembl_havana	protein_coding	ENST00000348564	11	PTPRC-201	ensembl_havana	protein_coding	basic	1	ENSE00002333846	1	29		NA	CCDS1398	GRCh38
Homo sapiens	106	11	havana	exon	35189835	35190065	.	+	0	ENSG00000026508	21	CD44	ensembl_havana	protein_coding	ENST00000525211	6	CD44-214	havana	protein_coding	mRNA_end_NF	5	ENSE00003639932	1	5		NA		GRCh38
Homo sapiens	106	1	havana	exon	198704472	198704498	.	+	0	ENSG00000081237	20	PTPRC	ensembl_havana	protein_coding	ENST00000529828	5	PTPRC-213	havana	non_stop_decay		1	ENSE00003144868	1	7		NA		GRCh38
Homo sapiens	106	11	havana	exon	35208105	35208206	.	+	0	ENSG00000026508	21	CD44	ensembl_havana	protein_coding	ENST00000525685	6	CD44-219	havana	protein_coding	mRNA_start_NF	3	ENSE00003790928	1	5		NA		GRCh38
Homo sapiens	106	1	ensembl	exon	154430483	154430606	.	+	0	ENSG00000160712	13	IL6R	ensembl_havana	protein_coding	ENST00000622330	4	IL6R-208	ensembl	protein_coding	basic	1	ENSE00001174416	1	3		NA	CCDS72927	GRCh38
Homo sapiens	106	11	havana	exon	35176575	35176740	.	+	0	ENSG00000026508	21	CD44	ensembl_havana	protein_coding	ENST00000526669	6	CD44-224	havana	protein_coding	basic	5	ENSE00003561898	1	2		NA		GRCh38
Homo sapiens	106	1	havana	exon	198639226	198639341	.	+	0	ENSG00000081237	20	PTPRC	ensembl_havana	protein_coding	ENST00000645247	1	PTPRC-216	havana	protein_coding	mRNA_end_NF	NA	ENSE00003551252	1	2		NA		GRCh38
Homo sapiens	106	1	havana	exon	198699564	198699704	.	+	0	ENSG00000081237	20	PTPRC	ensembl_havana	protein_coding	ENST00000391970	3	PTPRC-205	havana	processed_transcript		1	ENSE00003556082	1	3		NA		GRCh38
Homo sapiens	106	1	havana	exon	154435969	154436110	.	+	0	ENSG00000160712	13	IL6R	ensembl_havana	protein_coding	ENST00000476006	5	IL6R-203	havana	protein_coding	mRNA_start_NF	3	ENSE00001174398	1	5		NA		GRCh38
Homo sapiens	106	11	ensembl_havana	exon	35229129	35232402	.	+	0	ENSG00000026508	21	CD44	ensembl_havana	protein_coding	ENST00000263398	11	CD44-201	ensembl_havana	protein_coding	basic	1	ENSE00001709592	2	9		NA	CCDS31457	GRCh38
Homo sapiens	106	1	havana	exon	198703298	198703372	.	+	0	ENSG00000081237	20	PTPRC	ensembl_havana	protein_coding	ENST00000367379	6	PTPRC-204	havana	protein_coding	mRNA_end_NF	5	ENSE00003066310	1	4		NA		GRCh38
Homo sapiens	106	11	ensembl_havana	exon	35176575	35176740	.	+	0	ENSG00000026508	21	CD44	ensembl_havana	protein_coding	ENST00000415148	6	CD44-206	ensembl_havana	protein_coding	basic	1	ENSE00003561898	1	2		NA	CCDS31455	GRCh38
Homo sapiens	106	11	havana	exon	35219316	35219387	.	+	0	ENSG00000026508	21	CD44	ensembl_havana	protein_coding	ENST00000525293	5	CD44-216	havana	retained_intron		3	ENSE00003515975	1	4		NA		GRCh38
Homo sapiens	106	1	havana	exon	198703298	198703372	.	+	0	ENSG00000081237	20	PTPRC	ensembl_havana	protein_coding	ENST00000645247	1	PTPRC-216	havana	protein_coding	mRNA_end_NF	NA	ENSE00003066310	1	6		NA		GRCh38
Homo sapiens	106	11	havana	exon	35189835	35189972	.	+	0	ENSG00000026508	21	CD44	ensembl_havana	protein_coding	ENST00000279452	10	CD44-204	havana	protein_coding	mRNA_start_NF	3	ENSE00001647548	1	4		NA		GRCh38
Homo sapiens	106	1	ensembl_havana	exon	198709687	198709824	.	+	0	ENSG00000081237	20	PTPRC	ensembl_havana	protein_coding	ENST00000348564	11	PTPRC-201	ensembl_havana	protein_coding	basic	1	ENSE00003105184	1	8		NA	CCDS1398	GRCh38
Homo sapiens	106	11	havana	exon	35186832	35186900	.	+	0	ENSG00000026508	21	CD44	ensembl_havana	protein_coding	ENST00000279452	10	CD44-204	havana	protein_coding	mRNA_start_NF	3	ENSE00003504402	1	3		NA		GRCh38
Homo sapiens	106	11	ensembl_havana	exon	35211246	35211449	.	+	0	ENSG00000026508	21	CD44	ensembl_havana	protein_coding	ENST00000428726	8	CD44-208	ensembl_havana	protein_coding	basic	1	ENSE00003608645	1	14		NA	CCDS7897	GRCh38
Homo sapiens	106	11	havana	exon	35189835	35189972	.	+	0	ENSG00000026508	21	CD44	ensembl_havana	protein_coding	ENST00000526000	6	CD44-221	havana	protein_coding	mRNA_start_NF	5	ENSE00001647548	1	4		NA		GRCh38
Homo sapiens	106	11	havana	exon	35221654	35221732	.	+	0	ENSG00000026508	21	CD44	ensembl_havana	protein_coding	ENST00000527326	1	CD44-225	havana	retained_intron		2	ENSE00003466081	1	3		NA		GRCh38
Homo sapiens	106	1	havana	exon	198722416	198722476	.	+	0	ENSG00000081237	20	PTPRC	ensembl_havana	protein_coding	ENST00000529828	5	PTPRC-213	havana	non_stop_decay		1	ENSE00003220965	1	14		NA		GRCh38
Homo sapiens	106	1	havana	exon	154434519	154434700	.	+	0	ENSG00000160712	13	IL6R	ensembl_havana	protein_coding	ENST00000476006	5	IL6R-203	havana	protein_coding	mRNA_start_NF	3	ENSE00001174408	1	3		NA		GRCh38
Homo sapiens	106	11	havana	exon	35204512	35204640	.	+	0	ENSG00000026508	21	CD44	ensembl_havana	protein_coding	ENST00000534082	1	CD44-237	havana	retained_intron		2	ENSE00003593405	1	3		NA		GRCh38
Homo sapiens	106	1	havana	exon	154448125	154448171	.	+	0	ENSG00000160712	13	IL6R	ensembl_havana	protein_coding	ENST00000515190	1	IL6R-207	havana	protein_coding	mRNA_start_NF	2	ENSE00003646716	1	4		NA		GRCh38
Homo sapiens	106	11	ensembl_havana	exon	35221654	35221732	.	+	0	ENSG00000026508	21	CD44	ensembl_havana	protein_coding	ENST00000425428	6	CD44-207	ensembl_havana	nonsense_mediated_decay		1	ENSE00003466081	1	7		NA		GRCh38
Homo sapiens	106	1	ensembl_havana	exon	198732300	198732390	.	+	0	ENSG00000081237	20	PTPRC	ensembl_havana	protein_coding	ENST00000442510	8	PTPRC-209	ensembl_havana	protein_coding	basic	1	ENSE00002981112	1	19		NA	CCDS1397	GRCh38
Homo sapiens	106	1	havana	exon	198703298	198703372	.	+	0	ENSG00000081237	20	PTPRC	ensembl_havana	protein_coding	ENST00000367367	8	PTPRC-203	havana	protein_coding	mRNA_end_NF	2	ENSE00003066310	1	6		NA		GRCh38
Homo sapiens	106	1	havana	exon	198639095	198639137	.	+	0	ENSG00000081237	20	PTPRC	ensembl_havana	protein_coding	ENST00000367367	8	PTPRC-203	havana	protein_coding	mRNA_end_NF	2	ENSE00001774990	1	1		NA		GRCh38
Homo sapiens	106	1	havana	exon	198703298	198703372	.	+	0	ENSG00000081237	20	PTPRC	ensembl_havana	protein_coding	ENST00000529828	5	PTPRC-213	havana	non_stop_decay		1	ENSE00003066310	1	6		NA		GRCh38
Homo sapiens	106	11	ensembl_havana	exon	35186832	35186900	.	+	0	ENSG00000026508	21	CD44	ensembl_havana	protein_coding	ENST00000433892	6	CD44-209	ensembl_havana	protein_coding	basic	1	ENSE00003504402	1	4		NA	CCDS31456	GRCh38
Homo sapiens	106	11	ensembl_havana	exon	35214852	35214914	.	+	0	ENSG00000026508	21	CD44	ensembl_havana	protein_coding	ENST00000428726	8	CD44-208	ensembl_havana	protein_coding	basic	1	ENSE00003526469	1	15		NA	CCDS7897	GRCh38
Homo sapiens	106	1	ensembl_havana	exon	198639226	198639341	.	+	0	ENSG00000081237	20	PTPRC	ensembl_havana	protein_coding	ENST00000462363	6	PTPRC-210	ensembl_havana	retained_intron		1	ENSE00003672864	1	2		NA		GRCh38
Homo sapiens	106	11	ensembl_havana	exon	35139171	35139370	.	+	0	ENSG00000026508	21	CD44	ensembl_havana	protein_coding	ENST00000428726	8	CD44-208	ensembl_havana	protein_coding	basic	1	ENSE00003896435	1	1		NA	CCDS7897	GRCh38
Homo sapiens	106	11	havana	exon	35221654	35221716	.	+	0	ENSG00000026508	21	CD44	ensembl_havana	protein_coding	ENST00000525293	5	CD44-216	havana	retained_intron		3	ENSE00002176940	1	5		NA		GRCh38
Homo sapiens	106	11	havana	exon	35214852	35214861	.	+	0	ENSG00000026508	21	CD44	ensembl_havana	protein_coding	ENST00000526000	6	CD44-221	havana	protein_coding	mRNA_start_NF	5	ENSE00002178504	1	6		NA		GRCh38
Homo sapiens	106	1	ensembl_havana	exon	198718094	198718302	.	+	0	ENSG00000081237	20	PTPRC	ensembl_havana	protein_coding	ENST00000442510	8	PTPRC-209	ensembl_havana	protein_coding	basic	1	ENSE00003101654	1	14		NA	CCDS1397	GRCh38
Homo sapiens	106	11	havana	exon	35205715	35206243	.	+	0	ENSG00000026508	21	CD44	ensembl_havana	protein_coding	ENST00000532339	1	CD44-235	havana	retained_intron		2	ENSE00002198931	1	1		NA		GRCh38
Homo sapiens	106	11	ensembl_havana	exon	35229129	35229333	.	+	0	ENSG00000026508	21	CD44	ensembl_havana	protein_coding	ENST00000278386	10	CD44-203	ensembl_havana	protein_coding	basic	1	ENSE00003475981	1	4		NA	CCDS31458	GRCh38
Homo sapiens	106	11	havana	exon	35214852	35214914	.	+	0	ENSG00000026508	21	CD44	ensembl_havana	protein_coding	ENST00000279452	10	CD44-204	havana	protein_coding	mRNA_start_NF	3	ENSE00003526469	1	5		NA		GRCh38
Homo sapiens	106	11	ensembl_havana	exon	35229129	35229666	.	+	0	ENSG00000026508	21	CD44	ensembl_havana	protein_coding	ENST00000434472	6	CD44-210	ensembl_havana	protein_coding	basic	1	ENSE00002158669	1	10		NA	CCDS55754	GRCh38
Homo sapiens	106	1	havana	exon	198729137	198729171	.	+	0	ENSG00000081237	20	PTPRC	ensembl_havana	protein_coding	ENST00000529828	5	PTPRC-213	havana	non_stop_decay		1	ENSE00003083554	1	16		NA		GRCh38
Homo sapiens	106	1	havana	exon	198639226	198639341	.	+	0	ENSG00000081237	20	PTPRC	ensembl_havana	protein_coding	ENST00000643513	1	PTPRC-215	havana	protein_coding	mRNA_end_NF	NA	ENSE00003551252	1	2		NA		GRCh38
Homo sapiens	106	1	ensembl_havana	exon	198735127	198735252	.	+	0	ENSG00000081237	20	PTPRC	ensembl_havana	protein_coding	ENST00000442510	8	PTPRC-209	ensembl_havana	protein_coding	basic	1	ENSE00003791087	1	23		NA	CCDS1397	GRCh38
Homo sapiens	106	11	havana	exon	35189882	35190065	.	+	0	ENSG00000026508	21	CD44	ensembl_havana	protein_coding	ENST00000525688	5	CD44-220	havana	protein_coding	mRNA_start_NF	5	ENSE00002184001	1	1		NA		GRCh38
Homo sapiens	106	1	ensembl_havana	exon	154429196	154429444	.	+	0	ENSG00000160712	13	IL6R	ensembl_havana	protein_coding	ENST00000368485	8	IL6R-202	ensembl_havana	protein_coding	basic	1	ENSE00001174424	1	2		NA	CCDS1067	GRCh38
Homo sapiens	106	1	ensembl	exon	154434990	154435156	.	+	0	ENSG00000160712	13	IL6R	ensembl_havana	protein_coding	ENST00000622330	4	IL6R-208	ensembl	protein_coding	basic	1	ENSE00001174403	1	5		NA	CCDS72927	GRCh38
Homo sapiens	106	11	havana	exon	35197857	35198246	.	+	0	ENSG00000026508	21	CD44	ensembl_havana	protein_coding	ENST00000525348	1	CD44-217	havana	retained_intron		3	ENSE00002147765	1	1		NA		GRCh38
Homo sapiens	106	11	havana	exon	35186832	35186900	.	+	0	ENSG00000026508	21	CD44	ensembl_havana	protein_coding	ENST00000528455	5	CD44-228	havana	protein_coding	mRNA_start_NF	3	ENSE00003504402	1	3		NA		GRCh38
Homo sapiens	106	11	ensembl_havana	exon	35219316	35219387	.	+	0	ENSG00000026508	21	CD44	ensembl_havana	protein_coding	ENST00000263398	11	CD44-201	ensembl_havana	protein_coding	basic	1	ENSE00003632343	1	7		NA	CCDS31457	GRCh38
Homo sapiens	106	1	ensembl_havana	exon	198749416	198749549	.	+	0	ENSG00000081237	20	PTPRC	ensembl_havana	protein_coding	ENST00000348564	11	PTPRC-201	ensembl_havana	protein_coding	basic	1	ENSE00002361018	1	25		NA	CCDS1398	GRCh38
Homo sapiens	106	11	ensembl_havana	exon	35204512	35204640	.	+	0	ENSG00000026508	21	CD44	ensembl_havana	protein_coding	ENST00000415148	6	CD44-206	ensembl_havana	protein_coding	basic	1	ENSE00003469853	1	9		NA	CCDS31455	GRCh38
Homo sapiens	106	11	havana	exon	35189835	35189972	.	+	0	ENSG00000026508	21	CD44	ensembl_havana	protein_coding	ENST00000527889	6	CD44-226	havana	protein_coding	mRNA_start_NF	3	ENSE00001647548	1	4		NA		GRCh38
Homo sapiens	106	11	ensembl_havana	exon	35186832	35186900	.	+	0	ENSG00000026508	21	CD44	ensembl_havana	protein_coding	ENST00000428726	8	CD44-208	ensembl_havana	protein_coding	basic	1	ENSE00003504402	1	4		NA	CCDS7897	GRCh38
Homo sapiens	106	1	havana	exon	198718094	198718299	.	+	0	ENSG00000081237	20	PTPRC	ensembl_havana	protein_coding	ENST00000491302	1	PTPRC-212	havana	retained_intron		2	ENSE00001899049	1	3		NA		GRCh38
Homo sapiens	106	11	havana	exon	35198121	35198246	.	+	0	ENSG00000026508	21	CD44	ensembl_havana	protein_coding	ENST00000525688	5	CD44-220	havana	protein_coding	mRNA_start_NF	5	ENSE00003678600	1	2		NA		GRCh38
Homo sapiens	106	11	havana	exon	35176575	35177110	.	+	0	ENSG00000026508	21	CD44	ensembl_havana	protein_coding	ENST00000526025	2	CD44-222	havana	protein_coding	basic	2	ENSE00002179732	2	2		NA		GRCh38
Homo sapiens	106	11	havana	exon	35189835	35190429	.	+	0	ENSG00000026508	21	CD44	ensembl_havana	protein_coding	ENST00000531118	5	CD44-232	havana	retained_intron		2	ENSE00002190362	1	4		NA		GRCh38
Homo sapiens	106	11	havana	exon	35229129	35229164	.	+	0	ENSG00000026508	21	CD44	ensembl_havana	protein_coding	ENST00000525688	5	CD44-220	havana	protein_coding	mRNA_start_NF	5	ENSE00002177195	1	6		NA		GRCh38
Homo sapiens	106	1	ensembl_havana	exon	198639097	198639137	.	+	0	ENSG00000081237	20	PTPRC	ensembl_havana	protein_coding	ENST00000413409	6	PTPRC-206	ensembl_havana	protein_coding	basic	1	ENSE00001444341	1	1		NA	CCDS44291	GRCh38
Homo sapiens	106	11	ensembl_havana	exon	35201671	35201787	.	+	0	ENSG00000026508	21	CD44	ensembl_havana	protein_coding	ENST00000428726	8	CD44-208	ensembl_havana	protein_coding	basic	1	ENSE00000824450	1	9		NA	CCDS7897	GRCh38
Homo sapiens	106	11	havana	exon	35229129	35229446	.	+	0	ENSG00000026508	21	CD44	ensembl_havana	protein_coding	ENST00000527326	1	CD44-225	havana	retained_intron		2	ENSE00002186415	1	4		NA		GRCh38
Homo sapiens	106	11	havana	exon	35198148	35198246	.	+	0	ENSG00000026508	21	CD44	ensembl_havana	protein_coding	ENST00000524922	1	CD44-212	havana	protein_coding	mRNA_start_NF	3	ENSE00002151908	1	2		NA		GRCh38
Homo sapiens	106	11	havana	exon	35176575	35176740	.	+	0	ENSG00000026508	21	CD44	ensembl_havana	protein_coding	ENST00000525211	6	CD44-214	havana	protein_coding	mRNA_end_NF	5	ENSE00003561898	1	2		NA		GRCh38
Homo sapiens	106	11	ensembl_havana	exon	35180274	35180407	.	+	0	ENSG00000026508	21	CD44	ensembl_havana	protein_coding	ENST00000442151	6	CD44-211	ensembl_havana	protein_coding	mRNA_start_NF	1	ENSE00003658180	1	3		NA		GRCh38
Homo sapiens	106	11	ensembl_havana	exon	35198121	35198246	.	+	0	ENSG00000026508	21	CD44	ensembl_havana	protein_coding	ENST00000428726	8	CD44-208	ensembl_havana	protein_coding	basic	1	ENSE00003678600	1	7		NA	CCDS7897	GRCh38
Homo sapiens	106	1	havana	exon	198704472	198704498	.	+	0	ENSG00000081237	20	PTPRC	ensembl_havana	protein_coding	ENST00000367379	6	PTPRC-204	havana	protein_coding	mRNA_end_NF	5	ENSE00003144868	1	5		NA		GRCh38
Homo sapiens	106	1	havana	exon	154454109	154454581	.	+	0	ENSG00000160712	13	IL6R	ensembl_havana	protein_coding	ENST00000502679	1	IL6R-204	havana	retained_intron		2	ENSE00002030288	1	1		NA		GRCh38
Homo sapiens	106	1	havana	exon	198709687	198709824	.	+	0	ENSG00000081237	20	PTPRC	ensembl_havana	protein_coding	ENST00000529828	5	PTPRC-213	havana	non_stop_decay		1	ENSE00003105184	1	10		NA		GRCh38
Homo sapiens	106	1	havana	exon	154448125	154448171	.	+	0	ENSG00000160712	13	IL6R	ensembl_havana	protein_coding	ENST00000507256	1	IL6R-205	havana	processed_transcript		4	ENSE00003614733	1	2		NA		GRCh38
Homo sapiens	106	1	havana	exon	154435010	154435156	.	+	0	ENSG00000160712	13	IL6R	ensembl_havana	protein_coding	ENST00000507256	1	IL6R-205	havana	processed_transcript		4	ENSE00001954768	2	1		NA		GRCh38
Homo sapiens	106	1	ensembl_havana	exon	198754269	198754404	.	+	0	ENSG00000081237	20	PTPRC	ensembl_havana	protein_coding	ENST00000442510	8	PTPRC-209	ensembl_havana	protein_coding	basic	1	ENSE00002333846	1	32		NA	CCDS1397	GRCh38
Homo sapiens	106	1	havana	exon	154434990	154435156	.	+	0	ENSG00000160712	13	IL6R	ensembl_havana	protein_coding	ENST00000476006	5	IL6R-203	havana	protein_coding	mRNA_start_NF	3	ENSE00001174403	1	4		NA		GRCh38
Homo sapiens	106	1	havana	exon	198735127	198735252	.	+	0	ENSG00000081237	20	PTPRC	ensembl_havana	protein_coding	ENST00000367367	8	PTPRC-203	havana	protein_coding	mRNA_end_NF	2	ENSE00003791087	1	22		NA		GRCh38
Homo sapiens	106	1	havana	exon	198704472	198704498	.	+	0	ENSG00000081237	20	PTPRC	ensembl_havana	protein_coding	ENST00000530727	5	PTPRC-214	havana	protein_coding	mRNA_end_NF	1	ENSE00003144868	1	6		NA		GRCh38
Homo sapiens	106	1	ensembl_havana	exon	198692347	198692373	.	+	0	ENSG00000081237	20	PTPRC	ensembl_havana	protein_coding	ENST00000462363	6	PTPRC-210	ensembl_havana	retained_intron		1	ENSE00003634303	1	3		NA		GRCh38
Homo sapiens	106	1	havana	exon	198716682	198716840	.	+	0	ENSG00000081237	20	PTPRC	ensembl_havana	protein_coding	ENST00000529828	5	PTPRC-213	havana	non_stop_decay		1	ENSE00003657407	1	12		NA		GRCh38
Homo sapiens	106	11	ensembl_havana	exon	35208105	35208206	.	+	0	ENSG00000026508	21	CD44	ensembl_havana	protein_coding	ENST00000415148	6	CD44-206	ensembl_havana	protein_coding	basic	1	ENSE00003790928	1	11		NA	CCDS31455	GRCh38
Homo sapiens	106	11	havana	exon	35139262	35139370	.	+	0	ENSG00000026508	21	CD44	ensembl_havana	protein_coding	ENST00000525211	6	CD44-214	havana	protein_coding	mRNA_end_NF	5	ENSE00002188577	2	1		NA		GRCh38
Homo sapiens	106	11	havana	exon	35139182	35139370	.	+	0	ENSG00000026508	21	CD44	ensembl_havana	protein_coding	ENST00000526669	6	CD44-224	havana	protein_coding	basic	5	ENSE00002162131	1	1		NA		GRCh38
Homo sapiens	106	1	havana	exon	198754269	198754457	.	+	0	ENSG00000081237	20	PTPRC	ensembl_havana	protein_coding	ENST00000646230	1	PTPRC-217	havana	retained_intron		NA	ENSE00003828395	1	2		NA		GRCh38
Homo sapiens	106	11	havana	exon	35196746	35196874	.	+	0	ENSG00000026508	21	CD44	ensembl_havana	protein_coding	ENST00000525685	6	CD44-219	havana	protein_coding	mRNA_start_NF	3	ENSE00000710505	1	3		NA		GRCh38
Homo sapiens	106	11	ensembl_havana	exon	35176575	35176740	.	+	0	ENSG00000026508	21	CD44	ensembl_havana	protein_coding	ENST00000434472	6	CD44-210	ensembl_havana	protein_coding	basic	1	ENSE00003561898	1	2		NA	CCDS55754	GRCh38
Homo sapiens	106	11	ensembl_havana	exon	35208105	35208206	.	+	0	ENSG00000026508	21	CD44	ensembl_havana	protein_coding	ENST00000433892	6	CD44-209	ensembl_havana	protein_coding	basic	1	ENSE00003790928	1	6		NA	CCDS31456	GRCh38
Homo sapiens	106	11	havana	exon	35189835	35190065	.	+	0	ENSG00000026508	21	CD44	ensembl_havana	protein_coding	ENST00000531873	5	CD44-234	havana	protein_coding	mRNA_start_NF	3	ENSE00003639932	1	3		NA		GRCh38
Homo sapiens	106	11	havana	exon	35211246	35211401	.	+	0	ENSG00000026508	21	CD44	ensembl_havana	protein_coding	ENST00000528672	1	CD44-229	havana	protein_coding	mRNA_start_NF	4	ENSE00002153043	1	5		NA		GRCh38
Homo sapiens	106	11	havana	exon	35219344	35219387	.	+	0	ENSG00000026508	21	CD44	ensembl_havana	protein_coding	ENST00000525469	1	CD44-218	havana	protein_coding	mRNA_start_NF	3	ENSE00002190979	1	1		NA		GRCh38
Homo sapiens	106	11	havana	exon	35180274	35180407	.	+	0	ENSG00000026508	21	CD44	ensembl_havana	protein_coding	ENST00000279452	10	CD44-204	havana	protein_coding	mRNA_start_NF	3	ENSE00003658180	1	2		NA		GRCh38
Homo sapiens	106	11	havana	exon	35208105	35208206	.	+	0	ENSG00000026508	21	CD44	ensembl_havana	protein_coding	ENST00000531110	6	CD44-231	havana	protein_coding	mRNA_start_NF	3	ENSE00003790928	1	5		NA		GRCh38
Homo sapiens	106	1	havana	exon	198692347	198692373	.	+	0	ENSG00000081237	20	PTPRC	ensembl_havana	protein_coding	ENST00000529828	5	PTPRC-213	havana	non_stop_decay		1	ENSE00003551747	1	3		NA		GRCh38
Homo sapiens	106	1	havana	exon	198704472	198704498	.	+	0	ENSG00000081237	20	PTPRC	ensembl_havana	protein_coding	ENST00000643513	1	PTPRC-215	havana	protein_coding	mRNA_end_NF	NA	ENSE00003144868	1	6		NA		GRCh38
Homo sapiens	106	11	havana	exon	35208105	35208164	.	+	0	ENSG00000026508	21	CD44	ensembl_havana	protein_coding	ENST00000532339	1	CD44-235	havana	retained_intron		2	ENSE00002192111	1	2		NA		GRCh38
Homo sapiens	106	1	ensembl_havana	exon	198699564	198699704	.	+	0	ENSG00000081237	20	PTPRC	ensembl_havana	protein_coding	ENST00000442510	8	PTPRC-209	ensembl_havana	protein_coding	basic	1	ENSE00003622734	1	5		NA	CCDS1397	GRCh38
Homo sapiens	106	1	havana	exon	198639226	198639341	.	+	0	ENSG00000081237	20	PTPRC	ensembl_havana	protein_coding	ENST00000529828	5	PTPRC-213	havana	non_stop_decay		1	ENSE00003551252	1	2		NA		GRCh38
Homo sapiens	106	11	ensembl_havana	exon	35208105	35208206	.	+	0	ENSG00000026508	21	CD44	ensembl_havana	protein_coding	ENST00000428726	8	CD44-208	ensembl_havana	protein_coding	basic	1	ENSE00003790928	1	12		NA	CCDS7897	GRCh38
Homo sapiens	106	11	havana	exon	35201671	35201767	.	+	0	ENSG00000026508	21	CD44	ensembl_havana	protein_coding	ENST00000528455	5	CD44-228	havana	protein_coding	mRNA_start_NF	3	ENSE00002164519	1	6		NA		GRCh38
Homo sapiens	106	1	havana	exon	198712953	198713072	.	+	0	ENSG00000081237	20	PTPRC	ensembl_havana	protein_coding	ENST00000529828	5	PTPRC-213	havana	non_stop_decay		1	ENSE00003033137	1	11		NA		GRCh38
Homo sapiens	106	11	havana	exon	35176641	35176740	.	+	0	ENSG00000026508	21	CD44	ensembl_havana	protein_coding	ENST00000527889	6	CD44-226	havana	protein_coding	mRNA_start_NF	3	ENSE00002141013	1	1		NA		GRCh38
Homo sapiens	106	11	havana	exon	35201671	35201753	.	+	0	ENSG00000026508	21	CD44	ensembl_havana	protein_coding	ENST00000524922	1	CD44-212	havana	protein_coding	mRNA_start_NF	3	ENSE00002159834	1	4		NA		GRCh38
Homo sapiens	106	1	ensembl_havana	exon	154449911	154449980	.	+	0	ENSG00000160712	13	IL6R	ensembl_havana	protein_coding	ENST00000368485	8	IL6R-202	ensembl_havana	protein_coding	basic	1	ENSE00003630319	1	8		NA	CCDS1067	GRCh38
Homo sapiens	106	1	ensembl_havana	exon	198741869	198742026	.	+	0	ENSG00000081237	20	PTPRC	ensembl_havana	protein_coding	ENST00000442510	8	PTPRC-209	ensembl_havana	protein_coding	basic	1	ENSE00002419276	1	24		NA	CCDS1397	GRCh38
Homo sapiens	106	1	havana	exon	198735127	198735252	.	+	0	ENSG00000081237	20	PTPRC	ensembl_havana	protein_coding	ENST00000529828	5	PTPRC-213	havana	non_stop_decay		1	ENSE00003791087	1	22		NA		GRCh38
Homo sapiens	106	1	havana	exon	198639097	198639137	.	+	0	ENSG00000081237	20	PTPRC	ensembl_havana	protein_coding	ENST00000367364	5	PTPRC-202	havana	protein_coding	basic	1	ENSE00001444341	1	1		NA		GRCh38
Homo sapiens	106	11	havana	exon	35186832	35186900	.	+	0	ENSG00000026508	21	CD44	ensembl_havana	protein_coding	ENST00000526000	6	CD44-221	havana	protein_coding	mRNA_start_NF	5	ENSE00003504402	1	3		NA		GRCh38
Homo sapiens	106	11	havana	exon	35198121	35198246	.	+	0	ENSG00000026508	21	CD44	ensembl_havana	protein_coding	ENST00000525685	6	CD44-219	havana	protein_coding	mRNA_start_NF	3	ENSE00003678600	1	4		NA		GRCh38
Homo sapiens	106	1	ensembl_havana	exon	198706734	198706952	.	+	0	ENSG00000081237	20	PTPRC	ensembl_havana	protein_coding	ENST00000442510	8	PTPRC-209	ensembl_havana	protein_coding	basic	1	ENSE00003204115	1	9		NA	CCDS1397	GRCh38
Homo sapiens	106	1	ensembl_havana	exon	198749416	198749549	.	+	0	ENSG00000081237	20	PTPRC	ensembl_havana	protein_coding	ENST00000442510	8	PTPRC-209	ensembl_havana	protein_coding	basic	1	ENSE00002361018	1	28		NA	CCDS1397	GRCh38
Homo sapiens	106	1	ensembl_havana	exon	198722416	198722476	.	+	0	ENSG00000081237	20	PTPRC	ensembl_havana	protein_coding	ENST00000348564	11	PTPRC-201	ensembl_havana	protein_coding	basic	1	ENSE00003220965	1	12		NA	CCDS1398	GRCh38
Homo sapiens	106	11	havana	exon	35209965	35210054	.	+	0	ENSG00000026508	21	CD44	ensembl_havana	protein_coding	ENST00000528672	1	CD44-229	havana	protein_coding	mRNA_start_NF	4	ENSE00000710485	1	4		NA		GRCh38
Homo sapiens	106	1	havana	exon	154465134	154465248	.	+	0	ENSG00000160712	13	IL6R	ensembl_havana	protein_coding	ENST00000502679	1	IL6R-204	havana	retained_intron		2	ENSE00002021214	1	2		NA		GRCh38
Homo sapiens	106	11	havana	exon	35211246	35211449	.	+	0	ENSG00000026508	21	CD44	ensembl_havana	protein_coding	ENST00000525293	5	CD44-216	havana	retained_intron		3	ENSE00003551494	1	2		NA		GRCh38
Homo sapiens	106	1	havana	exon	154449911	154449979	.	+	0	ENSG00000160712	13	IL6R	ensembl_havana	protein_coding	ENST00000476006	5	IL6R-203	havana	protein_coding	mRNA_start_NF	3	ENSE00001908084	1	8		NA		GRCh38
Homo sapiens	106	1	havana	exon	198639162	198639341	.	+	0	ENSG00000081237	20	PTPRC	ensembl_havana	protein_coding	ENST00000418674	1	PTPRC-207	havana	protein_coding	mRNA_end_NF	2	ENSE00001751171	1	1		NA		GRCh38
Homo sapiens	106	1	havana	exon	198712790	198713072	.	+	0	ENSG00000081237	20	PTPRC	ensembl_havana	protein_coding	ENST00000491302	1	PTPRC-212	havana	retained_intron		2	ENSE00001906880	1	1		NA		GRCh38
Homo sapiens	106	11	havana	exon	35186832	35186900	.	+	0	ENSG00000026508	21	CD44	ensembl_havana	protein_coding	ENST00000525209	5	CD44-213	havana	processed_transcript		4	ENSE00003506110	1	2		NA		GRCh38
Homo sapiens	106	11	ensembl_havana	exon	35209965	35210054	.	+	0	ENSG00000026508	21	CD44	ensembl_havana	protein_coding	ENST00000433892	6	CD44-209	ensembl_havana	protein_coding	basic	1	ENSE00000710485	1	7		NA	CCDS31456	GRCh38
Homo sapiens	106	1	havana	exon	198703298	198703346	.	+	0	ENSG00000081237	20	PTPRC	ensembl_havana	protein_coding	ENST00000391970	3	PTPRC-205	havana	processed_transcript		1	ENSE00002157361	1	5		NA		GRCh38
Homo sapiens	106	1	havana	exon	198692347	198692373	.	+	0	ENSG00000081237	20	PTPRC	ensembl_havana	protein_coding	ENST00000645247	1	PTPRC-216	havana	protein_coding	mRNA_end_NF	NA	ENSE00003551747	1	3		NA		GRCh38
Homo sapiens	106	11	havana	exon	35206115	35206243	.	+	0	ENSG00000026508	21	CD44	ensembl_havana	protein_coding	ENST00000526553	6	CD44-223	havana	protein_coding	mRNA_start_NF	4	ENSE00002160255	1	3		NA		GRCh38
Homo sapiens	106	11	havana	exon	35208105	35208206	.	+	0	ENSG00000026508	21	CD44	ensembl_havana	protein_coding	ENST00000527889	6	CD44-226	havana	protein_coding	mRNA_start_NF	3	ENSE00003790928	1	5		NA		GRCh38
Homo sapiens	106	11	ensembl_havana	exon	35176575	35176740	.	+	0	ENSG00000026508	21	CD44	ensembl_havana	protein_coding	ENST00000433892	6	CD44-209	ensembl_havana	protein_coding	basic	1	ENSE00003561898	1	2		NA	CCDS31456	GRCh38
Homo sapiens	106	11	havana	exon	35201668	35201787	.	+	0	ENSG00000026508	21	CD44	ensembl_havana	protein_coding	ENST00000534082	1	CD44-237	havana	retained_intron		2	ENSE00003619384	1	2		NA		GRCh38
Homo sapiens	106	1	ensembl_havana	exon	198704472	198704498	.	+	0	ENSG00000081237	20	PTPRC	ensembl_havana	protein_coding	ENST00000348564	11	PTPRC-201	ensembl_havana	protein_coding	basic	1	ENSE00003144868	1	5		NA	CCDS1398	GRCh38
Homo sapiens	106	1	ensembl_havana	exon	154465134	154466877	.	+	0	ENSG00000160712	13	IL6R	ensembl_havana	protein_coding	ENST00000344086	8	IL6R-201	ensembl_havana	protein_coding	basic	1	ENSE00001638615	2	9		NA	CCDS1068	GRCh38
Homo sapiens	106	11	havana	exon	35229129	35229244	.	+	0	ENSG00000026508	21	CD44	ensembl_havana	protein_coding	ENST00000278385	10	CD44-202	havana	protein_coding	mRNA_start_NF	3	ENSE00002195580	1	7		NA		GRCh38
Homo sapiens	106	11	ensembl_havana	exon	35176575	35176740	.	+	0	ENSG00000026508	21	CD44	ensembl_havana	protein_coding	ENST00000352818	8	CD44-205	ensembl_havana	protein_coding	basic	1	ENSE00003561898	1	2		NA	CCDS55755	GRCh38
Homo sapiens	106	1	ensembl_havana	exon	198692347	198692373	.	+	0	ENSG00000081237	20	PTPRC	ensembl_havana	protein_coding	ENST00000348564	11	PTPRC-201	ensembl_havana	protein_coding	basic	1	ENSE00003551747	1	3		NA	CCDS1398	GRCh38
Homo sapiens	106	11	ensembl_havana	exon	35201082	35201195	.	+	0	ENSG00000026508	21	CD44	ensembl_havana	protein_coding	ENST00000415148	6	CD44-206	ensembl_havana	protein_coding	basic	1	ENSE00003692209	1	7		NA	CCDS31455	GRCh38
Homo sapiens	106	1	ensembl_havana	exon	154434519	154434700	.	+	0	ENSG00000160712	13	IL6R	ensembl_havana	protein_coding	ENST00000344086	8	IL6R-201	ensembl_havana	protein_coding	basic	1	ENSE00001174408	1	4		NA	CCDS1068	GRCh38
Homo sapiens	106	1	havana	exon	198638723	198638786	.	+	0	ENSG00000081237	20	PTPRC	ensembl_havana	protein_coding	ENST00000643513	1	PTPRC-215	havana	protein_coding	mRNA_end_NF	NA	ENSE00003821236	1	1		NA		GRCh38
Homo sapiens	106	1	havana	exon	198703298	198703346	.	+	0	ENSG00000081237	20	PTPRC	ensembl_havana	protein_coding	ENST00000427110	6	PTPRC-208	havana	processed_transcript		1	ENSE00002157361	1	4		NA		GRCh38
Homo sapiens	106	1	havana	exon	198732300	198732390	.	+	0	ENSG00000081237	20	PTPRC	ensembl_havana	protein_coding	ENST00000367367	8	PTPRC-203	havana	protein_coding	mRNA_end_NF	2	ENSE00002981112	1	18		NA		GRCh38
Homo sapiens	106	1	havana	exon	198699564	198699704	.	+	0	ENSG00000081237	20	PTPRC	ensembl_havana	protein_coding	ENST00000529828	5	PTPRC-213	havana	non_stop_decay		1	ENSE00003622734	1	5		NA		GRCh38
Homo sapiens	106	11	ensembl_havana	exon	35180274	35180407	.	+	0	ENSG00000026508	21	CD44	ensembl_havana	protein_coding	ENST00000352818	8	CD44-205	ensembl_havana	protein_coding	basic	1	ENSE00003658180	1	3		NA	CCDS55755	GRCh38
Homo sapiens	106	1	havana	exon	154429343	154429444	.	+	0	ENSG00000160712	13	IL6R	ensembl_havana	protein_coding	ENST00000476006	5	IL6R-203	havana	protein_coding	mRNA_start_NF	3	ENSE00001813647	1	1		NA		GRCh38
Homo sapiens	106	11	ensembl_havana	exon	35219316	35219387	.	+	0	ENSG00000026508	21	CD44	ensembl_havana	protein_coding	ENST00000415148	6	CD44-206	ensembl_havana	protein_coding	basic	1	ENSE00003632343	1	15		NA	CCDS31455	GRCh38
Homo sapiens	106	1	havana	exon	198694018	198694140	.	+	0	ENSG00000081237	20	PTPRC	ensembl_havana	protein_coding	ENST00000645247	1	PTPRC-216	havana	protein_coding	mRNA_end_NF	NA	ENSE00003823466	1	4		NA		GRCh38
Homo sapiens	106	1	havana	exon	198706734	198706952	.	+	0	ENSG00000081237	20	PTPRC	ensembl_havana	protein_coding	ENST00000529828	5	PTPRC-213	havana	non_stop_decay		1	ENSE00003204115	1	8		NA		GRCh38
Homo sapiens	106	1	ensembl_havana	exon	154434990	154435156	.	+	0	ENSG00000160712	13	IL6R	ensembl_havana	protein_coding	ENST00000368485	8	IL6R-202	ensembl_havana	protein_coding	basic	1	ENSE00001174403	1	5		NA	CCDS1067	GRCh38
Homo sapiens	106	1	havana	exon	198734196	198734232	.	+	0	ENSG00000081237	20	PTPRC	ensembl_havana	protein_coding	ENST00000529828	5	PTPRC-213	havana	non_stop_decay		1	ENSE00003029831	1	20		NA		GRCh38
Homo sapiens	106	1	ensembl_havana	exon	154435969	154436110	.	+	0	ENSG00000160712	13	IL6R	ensembl_havana	protein_coding	ENST00000344086	8	IL6R-201	ensembl_havana	protein_coding	basic	1	ENSE00001174398	1	6		NA	CCDS1068	GRCh38
Homo sapiens	106	11	havana	exon	35186832	35186900	.	+	0	ENSG00000026508	21	CD44	ensembl_havana	protein_coding	ENST00000525211	6	CD44-214	havana	protein_coding	mRNA_end_NF	5	ENSE00003504402	1	4		NA		GRCh38
Homo sapiens	106	1	havana	exon	198722416	198722476	.	+	0	ENSG00000081237	20	PTPRC	ensembl_havana	protein_coding	ENST00000367367	8	PTPRC-203	havana	protein_coding	mRNA_end_NF	2	ENSE00003220965	1	14		NA		GRCh38
Homo sapiens	106	11	ensembl_havana	exon	35176575	35176740	.	+	0	ENSG00000026508	21	CD44	ensembl_havana	protein_coding	ENST00000442151	6	CD44-211	ensembl_havana	protein_coding	mRNA_start_NF	1	ENSE00003561898	1	2		NA		GRCh38
Homo sapiens	106	1	havana	exon	198716682	198716840	.	+	0	ENSG00000081237	20	PTPRC	ensembl_havana	protein_coding	ENST00000367367	8	PTPRC-203	havana	protein_coding	mRNA_end_NF	2	ENSE00003657407	1	12		NA		GRCh38
Homo sapiens	106	11	havana	exon	35221654	35221732	.	+	0	ENSG00000026508	21	CD44	ensembl_havana	protein_coding	ENST00000526669	6	CD44-224	havana	protein_coding	basic	5	ENSE00003534676	1	5		NA		GRCh38
Homo sapiens	106	11	ensembl_havana	exon	35221654	35221732	.	+	0	ENSG00000026508	21	CD44	ensembl_havana	protein_coding	ENST00000434472	6	CD44-210	ensembl_havana	protein_coding	basic	1	ENSE00003534676	1	9		NA	CCDS55754	GRCh38
Homo sapiens	106	11	havana	exon	35201668	35201731	.	+	0	ENSG00000026508	21	CD44	ensembl_havana	protein_coding	ENST00000525348	1	CD44-217	havana	retained_intron		3	ENSE00002145160	1	3		NA		GRCh38
Homo sapiens	106	1	havana	exon	198731617	198731726	.	+	0	ENSG00000081237	20	PTPRC	ensembl_havana	protein_coding	ENST00000530727	5	PTPRC-214	havana	protein_coding	mRNA_end_NF	1	ENSE00003094512	1	16		NA		GRCh38
Homo sapiens	106	1	ensembl_havana	exon	198692347	198692373	.	+	0	ENSG00000081237	20	PTPRC	ensembl_havana	protein_coding	ENST00000413409	6	PTPRC-206	ensembl_havana	protein_coding	basic	1	ENSE00003551747	1	3		NA	CCDS44291	GRCh38
Homo sapiens	106	11	havana	exon	35180279	35180407	.	+	0	ENSG00000026508	21	CD44	ensembl_havana	protein_coding	ENST00000531873	5	CD44-234	havana	protein_coding	mRNA_start_NF	3	ENSE00002142692	1	1		NA		GRCh38
Homo sapiens	106	1	ensembl_havana	exon	198729137	198729171	.	+	0	ENSG00000081237	20	PTPRC	ensembl_havana	protein_coding	ENST00000442510	8	PTPRC-209	ensembl_havana	protein_coding	basic	1	ENSE00003083554	1	17		NA	CCDS1397	GRCh38
Homo sapiens	106	1	ensembl_havana	exon	198728340	198728448	.	+	0	ENSG00000081237	20	PTPRC	ensembl_havana	protein_coding	ENST00000442510	8	PTPRC-209	ensembl_havana	protein_coding	basic	1	ENSE00003098735	1	16		NA	CCDS1397	GRCh38
Homo sapiens	106	1	havana	exon	198699564	198699704	.	+	0	ENSG00000081237	20	PTPRC	ensembl_havana	protein_coding	ENST00000427110	6	PTPRC-208	havana	processed_transcript		1	ENSE00003556082	1	3		NA		GRCh38
Homo sapiens	106	11	ensembl_havana	exon	35176575	35176740	.	+	0	ENSG00000026508	21	CD44	ensembl_havana	protein_coding	ENST00000278386	10	CD44-203	ensembl_havana	protein_coding	basic	1	ENSE00003561898	1	2		NA	CCDS31458	GRCh38
Homo sapiens	106	1	havana	exon	198692347	198692373	.	+	0	ENSG00000081237	20	PTPRC	ensembl_havana	protein_coding	ENST00000391970	3	PTPRC-205	havana	processed_transcript		1	ENSE00003634303	1	2		NA		GRCh38
Homo sapiens	106	1	havana	exon	198704472	198704485	.	+	0	ENSG00000081237	20	PTPRC	ensembl_havana	protein_coding	ENST00000645247	1	PTPRC-216	havana	protein_coding	mRNA_end_NF	NA	ENSE00003818307	1	7		NA		GRCh38
Homo sapiens	106	11	havana	exon	35211246	35211257	.	+	0	ENSG00000026508	21	CD44	ensembl_havana	protein_coding	ENST00000525685	6	CD44-219	havana	protein_coding	mRNA_start_NF	3	ENSE00003817903	1	7		NA		GRCh38
Homo sapiens	106	11	havana	exon	35176662	35176740	.	+	0	ENSG00000026508	21	CD44	ensembl_havana	protein_coding	ENST00000531118	5	CD44-232	havana	retained_intron		2	ENSE00002191813	1	1		NA		GRCh38
Homo sapiens	106	1	ensembl_havana	exon	154454488	154454581	.	+	0	ENSG00000160712	13	IL6R	ensembl_havana	protein_coding	ENST00000368485	8	IL6R-202	ensembl_havana	protein_coding	basic	1	ENSE00003557564	1	9		NA	CCDS1067	GRCh38
Homo sapiens	106	11	havana	exon	35214666	35214914	.	+	0	ENSG00000026508	21	CD44	ensembl_havana	protein_coding	ENST00000527326	1	CD44-225	havana	retained_intron		2	ENSE00002150596	1	1		NA		GRCh38
Homo sapiens	106	11	havana	exon	35200539	35200636	.	+	0	ENSG00000026508	21	CD44	ensembl_havana	protein_coding	ENST00000525209	5	CD44-213	havana	processed_transcript		4	ENSE00002169416	1	5		NA		GRCh38
Homo sapiens	106	11	havana	exon	35180274	35180407	.	+	0	ENSG00000026508	21	CD44	ensembl_havana	protein_coding	ENST00000528455	5	CD44-228	havana	protein_coding	mRNA_start_NF	3	ENSE00003658180	1	2		NA		GRCh38
Homo sapiens	106	11	ensembl_havana	exon	35180274	35180407	.	+	0	ENSG00000026508	21	CD44	ensembl_havana	protein_coding	ENST00000415148	6	CD44-206	ensembl_havana	protein_coding	basic	1	ENSE00003658180	1	3		NA	CCDS31455	GRCh38
Homo sapiens	106	11	havana	exon	35180274	35180407	.	+	0	ENSG00000026508	21	CD44	ensembl_havana	protein_coding	ENST00000528086	5	CD44-227	havana	processed_transcript		5	ENSE00003533978	1	3		NA		GRCh38
Homo sapiens	106	11	ensembl_havana	exon	35139182	35139370	.	+	0	ENSG00000026508	21	CD44	ensembl_havana	protein_coding	ENST00000425428	6	CD44-207	ensembl_havana	nonsense_mediated_decay		1	ENSE00002162131	1	1		NA		GRCh38
Homo sapiens	106	11	ensembl_havana	exon	35214852	35214914	.	+	0	ENSG00000026508	21	CD44	ensembl_havana	protein_coding	ENST00000263398	11	CD44-201	ensembl_havana	protein_coding	basic	1	ENSE00003526469	1	6		NA	CCDS31457	GRCh38
Homo sapiens	106	11	ensembl_havana	exon	35189835	35190065	.	+	0	ENSG00000026508	21	CD44	ensembl_havana	protein_coding	ENST00000428726	8	CD44-208	ensembl_havana	protein_coding	basic	1	ENSE00003639932	1	5		NA	CCDS7897	GRCh38
Homo sapiens	106	1	havana	exon	198703298	198703372	.	+	0	ENSG00000081237	20	PTPRC	ensembl_havana	protein_coding	ENST00000530727	5	PTPRC-214	havana	protein_coding	mRNA_end_NF	1	ENSE00003066310	1	5		NA		GRCh38
Homo sapiens	106	1	havana	exon	198702387	198702530	.	+	0	ENSG00000081237	20	PTPRC	ensembl_havana	protein_coding	ENST00000367367	8	PTPRC-203	havana	protein_coding	mRNA_end_NF	2	ENSE00003671199	1	5		NA		GRCh38
Homo sapiens	106	1	havana	exon	198722416	198722476	.	+	0	ENSG00000081237	20	PTPRC	ensembl_havana	protein_coding	ENST00000530727	5	PTPRC-214	havana	protein_coding	mRNA_end_NF	1	ENSE00003220965	1	13		NA		GRCh38
Homo sapiens	106	11	ensembl_havana	exon	35189835	35190065	.	+	0	ENSG00000026508	21	CD44	ensembl_havana	protein_coding	ENST00000442151	6	CD44-211	ensembl_havana	protein_coding	mRNA_start_NF	1	ENSE00003639932	1	5		NA		GRCh38
Homo sapiens	106	11	ensembl_havana	exon	35176575	35176740	.	+	0	ENSG00000026508	21	CD44	ensembl_havana	protein_coding	ENST00000263398	11	CD44-201	ensembl_havana	protein_coding	basic	1	ENSE00003561898	1	2		NA	CCDS31457	GRCh38
Homo sapiens	106	11	havana	exon	35189891	35190065	.	+	0	ENSG00000026508	21	CD44	ensembl_havana	protein_coding	ENST00000278385	10	CD44-202	havana	protein_coding	mRNA_start_NF	3	ENSE00002152444	1	1		NA		GRCh38
Homo sapiens	106	11	ensembl_havana	exon	35206112	35206243	.	+	0	ENSG00000026508	21	CD44	ensembl_havana	protein_coding	ENST00000415148	6	CD44-206	ensembl_havana	protein_coding	basic	1	ENSE00000710490	1	10		NA	CCDS31455	GRCh38
Homo sapiens	106	11	ensembl_havana	exon	35229129	35229468	.	+	0	ENSG00000026508	21	CD44	ensembl_havana	protein_coding	ENST00000415148	6	CD44-206	ensembl_havana	protein_coding	basic	1	ENSE00002147430	1	17		NA	CCDS31455	GRCh38
Homo sapiens	106	1	havana	exon	154454488	154454581	.	+	0	ENSG00000160712	13	IL6R	ensembl_havana	protein_coding	ENST00000507256	1	IL6R-205	havana	processed_transcript		4	ENSE00003539636	1	4		NA		GRCh38
Homo sapiens	106	1	ensembl_havana	exon	154430483	154430606	.	+	0	ENSG00000160712	13	IL6R	ensembl_havana	protein_coding	ENST00000368485	8	IL6R-202	ensembl_havana	protein_coding	basic	1	ENSE00001174416	1	3		NA	CCDS1067	GRCh38
Homo sapiens	106	1	havana	exon	198712953	198713072	.	+	0	ENSG00000081237	20	PTPRC	ensembl_havana	protein_coding	ENST00000530727	5	PTPRC-214	havana	protein_coding	mRNA_end_NF	1	ENSE00003033137	1	10		NA		GRCh38
Homo sapiens	106	1	havana	exon	198716682	198716840	.	+	0	ENSG00000081237	20	PTPRC	ensembl_havana	protein_coding	ENST00000491302	1	PTPRC-212	havana	retained_intron		2	ENSE00003626595	1	2		NA		GRCh38
Homo sapiens	106	11	havana	exon	35204512	35204640	.	+	0	ENSG00000026508	21	CD44	ensembl_havana	protein_coding	ENST00000528672	1	CD44-229	havana	protein_coding	mRNA_start_NF	4	ENSE00003469853	1	2		NA		GRCh38
Homo sapiens	106	1	havana	exon	154430483	154430606	.	+	0	ENSG00000160712	13	IL6R	ensembl_havana	protein_coding	ENST00000476006	5	IL6R-203	havana	protein_coding	mRNA_start_NF	3	ENSE00001174416	1	2		NA		GRCh38
Homo sapiens	106	11	havana	exon	35205785	35206047	.	+	0	ENSG00000026508	21	CD44	ensembl_havana	protein_coding	ENST00000534082	1	CD44-237	havana	retained_intron		2	ENSE00002178770	1	4		NA		GRCh38
Homo sapiens	106	1	havana	exon	198716682	198716840	.	+	0	ENSG00000081237	20	PTPRC	ensembl_havana	protein_coding	ENST00000530727	5	PTPRC-214	havana	protein_coding	mRNA_end_NF	1	ENSE00003657407	1	11		NA		GRCh38
Homo sapiens	106	1	havana	exon	198708133	198708261	.	+	0	ENSG00000081237	20	PTPRC	ensembl_havana	protein_coding	ENST00000367367	8	PTPRC-203	havana	protein_coding	mRNA_end_NF	2	ENSE00003005163	1	9		NA		GRCh38
Homo sapiens	106	11	ensembl_havana	exon	35201671	35201787	.	+	0	ENSG00000026508	21	CD44	ensembl_havana	protein_coding	ENST00000415148	6	CD44-206	ensembl_havana	protein_coding	basic	1	ENSE00000824450	1	8		NA	CCDS31455	GRCh38
Homo sapiens	106	1	havana	exon	198692347	198692373	.	+	0	ENSG00000081237	20	PTPRC	ensembl_havana	protein_coding	ENST00000427110	6	PTPRC-208	havana	processed_transcript		1	ENSE00003634303	1	2		NA		GRCh38
Homo sapiens	106	11	havana	exon	35204512	35204640	.	+	0	ENSG00000026508	21	CD44	ensembl_havana	protein_coding	ENST00000526553	6	CD44-223	havana	protein_coding	mRNA_start_NF	4	ENSE00003469853	1	2		NA		GRCh38
Homo sapiens	106	1	havana	exon	154445047	154445094	.	+	0	ENSG00000160712	13	IL6R	ensembl_havana	protein_coding	ENST00000476006	5	IL6R-203	havana	protein_coding	mRNA_start_NF	3	ENSE00001847439	1	6		NA		GRCh38
Homo sapiens	106	11	havana	exon	35211246	35211309	.	+	0	ENSG00000026508	21	CD44	ensembl_havana	protein_coding	ENST00000531110	6	CD44-231	havana	protein_coding	mRNA_start_NF	3	ENSE00003823878	1	7		NA		GRCh38
Homo sapiens	106	11	havana	exon	35190010	35190065	.	+	0	ENSG00000026508	21	CD44	ensembl_havana	protein_coding	ENST00000524922	1	CD44-212	havana	protein_coding	mRNA_start_NF	3	ENSE00002164148	1	1		NA		GRCh38
Homo sapiens	106	1	havana	exon	198732480	198732556	.	+	0	ENSG00000081237	20	PTPRC	ensembl_havana	protein_coding	ENST00000530727	5	PTPRC-214	havana	protein_coding	mRNA_end_NF	1	ENSE00003788019	1	18		NA		GRCh38
Homo sapiens	106	11	ensembl_havana	exon	35180274	35180407	.	+	0	ENSG00000026508	21	CD44	ensembl_havana	protein_coding	ENST00000263398	11	CD44-201	ensembl_havana	protein_coding	basic	1	ENSE00003658180	1	3		NA	CCDS31457	GRCh38
Homo sapiens	106	11	havana	exon	35201083	35201195	.	+	0	ENSG00000026508	21	CD44	ensembl_havana	protein_coding	ENST00000526553	6	CD44-223	havana	protein_coding	mRNA_start_NF	4	ENSE00002149457	1	1		NA		GRCh38
Homo sapiens	106	1	havana	exon	198728340	198728448	.	+	0	ENSG00000081237	20	PTPRC	ensembl_havana	protein_coding	ENST00000530727	5	PTPRC-214	havana	protein_coding	mRNA_end_NF	1	ENSE00003098735	1	14		NA		GRCh38
Homo sapiens	106	1	ensembl_havana	exon	198752594	198752772	.	+	0	ENSG00000081237	20	PTPRC	ensembl_havana	protein_coding	ENST00000442510	8	PTPRC-209	ensembl_havana	protein_coding	basic	1	ENSE00002400118	1	31		NA	CCDS1397	GRCh38
Homo sapiens	106	1	ensembl_havana	exon	198734196	198734232	.	+	0	ENSG00000081237	20	PTPRC	ensembl_havana	protein_coding	ENST00000442510	8	PTPRC-209	ensembl_havana	protein_coding	basic	1	ENSE00003029831	1	21		NA	CCDS1397	GRCh38
Homo sapiens	106	11	havana	exon	35189835	35190065	.	+	0	ENSG00000026508	21	CD44	ensembl_havana	protein_coding	ENST00000525685	6	CD44-219	havana	protein_coding	mRNA_start_NF	3	ENSE00003639932	1	2		NA		GRCh38
Homo sapiens	106	11	ensembl_havana	exon	35186832	35186900	.	+	0	ENSG00000026508	21	CD44	ensembl_havana	protein_coding	ENST00000425428	6	CD44-207	ensembl_havana	nonsense_mediated_decay		1	ENSE00003620943	1	3		NA		GRCh38
Homo sapiens	106	1	ensembl_havana	exon	198735127	198735252	.	+	0	ENSG00000081237	20	PTPRC	ensembl_havana	protein_coding	ENST00000348564	11	PTPRC-201	ensembl_havana	protein_coding	basic	1	ENSE00003791087	1	20		NA	CCDS1398	GRCh38
Homo sapiens	106	1	havana	exon	198729137	198729171	.	+	0	ENSG00000081237	20	PTPRC	ensembl_havana	protein_coding	ENST00000530727	5	PTPRC-214	havana	protein_coding	mRNA_end_NF	1	ENSE00003083554	1	15		NA		GRCh38
Homo sapiens	106	1	havana	exon	198692347	198692373	.	+	0	ENSG00000081237	20	PTPRC	ensembl_havana	protein_coding	ENST00000418674	1	PTPRC-207	havana	protein_coding	mRNA_end_NF	2	ENSE00003551747	1	2		NA		GRCh38
Homo sapiens	106	1	ensembl	exon	154405193	154405714	.	+	0	ENSG00000160712	13	IL6R	ensembl_havana	protein_coding	ENST00000622330	4	IL6R-208	ensembl	protein_coding	basic	1	ENSE00001174442	3	1		NA	CCDS72927	GRCh38
Homo sapiens	106	1	havana	exon	198752355	198752772	.	+	0	ENSG00000081237	20	PTPRC	ensembl_havana	protein_coding	ENST00000646230	1	PTPRC-217	havana	retained_intron		NA	ENSE00003814594	1	1		NA		GRCh38
Homo sapiens	106	11	ensembl_havana	exon	35176575	35176740	.	+	0	ENSG00000026508	21	CD44	ensembl_havana	protein_coding	ENST00000425428	6	CD44-207	ensembl_havana	nonsense_mediated_decay		1	ENSE00003561898	1	2		NA		GRCh38
Homo sapiens	106	1	ensembl_havana	exon	154405343	154405714	.	+	0	ENSG00000160712	13	IL6R	ensembl_havana	protein_coding	ENST00000368485	8	IL6R-202	ensembl_havana	protein_coding	basic	1	ENSE00003841365	1	1		NA	CCDS1067	GRCh38
Homo sapiens	106	11	havana	exon	35211246	35211253	.	+	0	ENSG00000026508	21	CD44	ensembl_havana	protein_coding	ENST00000526553	6	CD44-223	havana	protein_coding	mRNA_start_NF	4	ENSE00003828127	1	6		NA		GRCh38
Homo sapiens	106	11	ensembl_havana	exon	35189835	35190065	.	+	0	ENSG00000026508	21	CD44	ensembl_havana	protein_coding	ENST00000263398	11	CD44-201	ensembl_havana	protein_coding	basic	1	ENSE00003639932	1	5		NA	CCDS31457	GRCh38
Homo sapiens	106	11	havana	exon	35229129	35229322	.	+	0	ENSG00000026508	21	CD44	ensembl_havana	protein_coding	ENST00000279452	10	CD44-204	havana	protein_coding	mRNA_start_NF	3	ENSE00002168101	1	8		NA		GRCh38
Homo sapiens	106	11	havana	exon	35180358	35180407	.	+	0	ENSG00000026508	21	CD44	ensembl_havana	protein_coding	ENST00000525209	5	CD44-213	havana	processed_transcript		4	ENSE00002166630	1	1		NA		GRCh38
Homo sapiens	106	11	havana	exon	35209965	35209969	.	+	0	ENSG00000026508	21	CD44	ensembl_havana	protein_coding	ENST00000527889	6	CD44-226	havana	protein_coding	mRNA_start_NF	3	ENSE00003828676	1	6		NA		GRCh38
Homo sapiens	106	1	havana	exon	154448125	154448171	.	+	0	ENSG00000160712	13	IL6R	ensembl_havana	protein_coding	ENST00000476006	5	IL6R-203	havana	protein_coding	mRNA_start_NF	3	ENSE00003646716	1	7		NA		GRCh38
Homo sapiens	106	1	havana	exon	154435969	154436110	.	+	0	ENSG00000160712	13	IL6R	ensembl_havana	protein_coding	ENST00000515190	1	IL6R-207	havana	protein_coding	mRNA_start_NF	2	ENSE00001174398	1	3		NA		GRCh38
Homo sapiens	106	11	havana	exon	35186832	35186900	.	+	0	ENSG00000026508	21	CD44	ensembl_havana	protein_coding	ENST00000531873	5	CD44-234	havana	protein_coding	mRNA_start_NF	3	ENSE00003504402	1	2		NA		GRCh38
Homo sapiens	106	11	havana	exon	35197162	35197793	.	+	0	ENSG00000026508	21	CD44	ensembl_havana	protein_coding	ENST00000528922	1	CD44-230	havana	processed_transcript		5	ENSE00002155909	1	1		NA		GRCh38
Homo sapiens	106	1	havana	exon	198731617	198731726	.	+	0	ENSG00000081237	20	PTPRC	ensembl_havana	protein_coding	ENST00000529828	5	PTPRC-213	havana	non_stop_decay		1	ENSE00003094512	1	17		NA		GRCh38
Homo sapiens	106	1	havana	exon	198692347	198692373	.	+	0	ENSG00000081237	20	PTPRC	ensembl_havana	protein_coding	ENST00000367379	6	PTPRC-204	havana	protein_coding	mRNA_end_NF	5	ENSE00003551747	1	3		NA		GRCh38
Homo sapiens	106	1	havana	exon	198639019	198639137	.	+	0	ENSG00000081237	20	PTPRC	ensembl_havana	protein_coding	ENST00000530727	5	PTPRC-214	havana	protein_coding	mRNA_end_NF	1	ENSE00002188711	1	1		NA		GRCh38
Homo sapiens	106	11	havana	exon	35204512	35204811	.	+	0	ENSG00000026508	21	CD44	ensembl_havana	protein_coding	ENST00000525241	1	CD44-215	havana	retained_intron		2	ENSE00002171286	1	2		NA		GRCh38
Homo sapiens	106	1	ensembl_havana	exon	198750492	198750626	.	+	0	ENSG00000081237	20	PTPRC	ensembl_havana	protein_coding	ENST00000442510	8	PTPRC-209	ensembl_havana	protein_coding	basic	1	ENSE00002364303	1	29		NA	CCDS1397	GRCh38
Homo sapiens	106	11	ensembl_havana	exon	35214852	35214914	.	+	0	ENSG00000026508	21	CD44	ensembl_havana	protein_coding	ENST00000425428	6	CD44-207	ensembl_havana	nonsense_mediated_decay		1	ENSE00003473311	1	5		NA		GRCh38
Homo sapiens	106	1	ensembl_havana	exon	198742232	198742367	.	+	0	ENSG00000081237	20	PTPRC	ensembl_havana	protein_coding	ENST00000442510	8	PTPRC-209	ensembl_havana	protein_coding	basic	1	ENSE00002402933	1	25		NA	CCDS1397	GRCh38
Homo sapiens	106	11	havana	exon	35201082	35201195	.	+	0	ENSG00000026508	21	CD44	ensembl_havana	protein_coding	ENST00000528455	5	CD44-228	havana	protein_coding	mRNA_start_NF	3	ENSE00003692209	1	5		NA		GRCh38
Homo sapiens	106	11	ensembl_havana	exon	35222375	35223320	.	+	0	ENSG00000026508	21	CD44	ensembl_havana	protein_coding	ENST00000442151	6	CD44-211	ensembl_havana	protein_coding	mRNA_start_NF	1	ENSE00001598274	1	9		NA		GRCh38
Homo sapiens	106	11	havana	exon	35208105	35208137	.	+	0	ENSG00000026508	21	CD44	ensembl_havana	protein_coding	ENST00000525211	6	CD44-214	havana	protein_coding	mRNA_end_NF	5	ENSE00003822403	1	7		NA		GRCh38
Homo sapiens	106	11	ensembl_havana	exon	35214852	35214914	.	+	0	ENSG00000026508	21	CD44	ensembl_havana	protein_coding	ENST00000433892	6	CD44-209	ensembl_havana	protein_coding	basic	1	ENSE00003526469	1	9		NA	CCDS31456	GRCh38
Homo sapiens	106	1	ensembl_havana	exon	198696712	198696909	.	+	0	ENSG00000081237	20	PTPRC	ensembl_havana	protein_coding	ENST00000442510	8	PTPRC-209	ensembl_havana	protein_coding	basic	1	ENSE00003024062	1	4		NA	CCDS1397	GRCh38
Homo sapiens	106	1	havana	exon	198718094	198718302	.	+	0	ENSG00000081237	20	PTPRC	ensembl_havana	protein_coding	ENST00000367367	8	PTPRC-203	havana	protein_coding	mRNA_end_NF	2	ENSE00003101654	1	13		NA		GRCh38
Homo sapiens	106	11	havana	exon	35180274	35180407	.	+	0	ENSG00000026508	21	CD44	ensembl_havana	protein_coding	ENST00000525211	6	CD44-214	havana	protein_coding	mRNA_end_NF	5	ENSE00003658180	1	3		NA		GRCh38
Homo sapiens	106	11	havana	exon	35204512	35204909	.	+	0	ENSG00000026508	21	CD44	ensembl_havana	protein_coding	ENST00000534296	5	CD44-238	havana	retained_intron		3	ENSE00002166363	1	4		NA		GRCh38
Homo sapiens	106	11	ensembl_havana	exon	35221705	35221732	.	+	0	ENSG00000026508	21	CD44	ensembl_havana	protein_coding	ENST00000278386	10	CD44-203	ensembl_havana	protein_coding	basic	1	ENSE00000993276	2	3		NA	CCDS31458	GRCh38
Homo sapiens	106	1	ensembl_havana	exon	198755906	198757283	.	+	0	ENSG00000081237	20	PTPRC	ensembl_havana	protein_coding	ENST00000348564	11	PTPRC-201	ensembl_havana	protein_coding	basic	1	ENSE00001836497	1	30		NA	CCDS1398	GRCh38
Homo sapiens	106	11	ensembl_havana	exon	35196746	35196874	.	+	0	ENSG00000026508	21	CD44	ensembl_havana	protein_coding	ENST00000428726	8	CD44-208	ensembl_havana	protein_coding	basic	1	ENSE00000710505	1	6		NA	CCDS7897	GRCh38
Homo sapiens	106	1	havana	exon	154434653	154434700	.	+	0	ENSG00000160712	13	IL6R	ensembl_havana	protein_coding	ENST00000515190	1	IL6R-207	havana	protein_coding	mRNA_start_NF	2	ENSE00002038873	1	1		NA		GRCh38
Homo sapiens	106	1	havana	exon	198699564	198699704	.	+	0	ENSG00000081237	20	PTPRC	ensembl_havana	protein_coding	ENST00000643513	1	PTPRC-215	havana	protein_coding	mRNA_end_NF	NA	ENSE00003622734	1	4		NA		GRCh38
Homo sapiens	106	1	havana	exon	198639226	198639341	.	+	0	ENSG00000081237	20	PTPRC	ensembl_havana	protein_coding	ENST00000367379	6	PTPRC-204	havana	protein_coding	mRNA_end_NF	5	ENSE00003551252	1	2		NA		GRCh38
Homo sapiens	106	1	havana	exon	198639288	198639334	.	+	0	ENSG00000081237	20	PTPRC	ensembl_havana	protein_coding	ENST00000427110	6	PTPRC-208	havana	processed_transcript		1	ENSE00002165642	1	1		NA		GRCh38
Homo sapiens	106	1	ensembl_havana	exon	198712953	198713072	.	+	0	ENSG00000081237	20	PTPRC	ensembl_havana	protein_coding	ENST00000442510	8	PTPRC-209	ensembl_havana	protein_coding	basic	1	ENSE00003033137	1	12		NA	CCDS1397	GRCh38
Homo sapiens	106	1	havana	exon	198699564	198699704	.	+	0	ENSG00000081237	20	PTPRC	ensembl_havana	protein_coding	ENST00000645247	1	PTPRC-216	havana	protein_coding	mRNA_end_NF	NA	ENSE00003622734	1	5		NA		GRCh38
Homo sapiens	106	11	ensembl_havana	exon	35219316	35219387	.	+	0	ENSG00000026508	21	CD44	ensembl_havana	protein_coding	ENST00000428726	8	CD44-208	ensembl_havana	protein_coding	basic	1	ENSE00003632343	1	16		NA	CCDS7897	GRCh38
Homo sapiens	106	1	ensembl_havana	exon	198755906	198757476	.	+	0	ENSG00000081237	20	PTPRC	ensembl_havana	protein_coding	ENST00000442510	8	PTPRC-209	ensembl_havana	protein_coding	basic	1	ENSE00003821966	1	33		NA	CCDS1397	GRCh38
Homo sapiens	106	1	ensembl_havana	exon	198704472	198704498	.	+	0	ENSG00000081237	20	PTPRC	ensembl_havana	protein_coding	ENST00000442510	8	PTPRC-209	ensembl_havana	protein_coding	basic	1	ENSE00003144868	1	8		NA	CCDS1397	GRCh38
Homo sapiens	106	11	havana	exon	35201668	35201787	.	+	0	ENSG00000026508	21	CD44	ensembl_havana	protein_coding	ENST00000534296	5	CD44-238	havana	retained_intron		3	ENSE00003619384	1	3		NA		GRCh38
Homo sapiens	106	1	ensembl	exon	154434519	154434700	.	+	0	ENSG00000160712	13	IL6R	ensembl_havana	protein_coding	ENST00000622330	4	IL6R-208	ensembl	protein_coding	basic	1	ENSE00001174408	1	4		NA	CCDS72927	GRCh38
Homo sapiens	106	11	havana	exon	35189835	35190065	.	+	0	ENSG00000026508	21	CD44	ensembl_havana	protein_coding	ENST00000528455	5	CD44-228	havana	protein_coding	mRNA_start_NF	3	ENSE00003639932	1	4		NA		GRCh38
Homo sapiens	106	11	ensembl_havana	exon	35186832	35186900	.	+	0	ENSG00000026508	21	CD44	ensembl_havana	protein_coding	ENST00000415148	6	CD44-206	ensembl_havana	protein_coding	basic	1	ENSE00003504402	1	4		NA	CCDS31455	GRCh38
Homo sapiens	106	1	havana	exon	198692347	198693206	.	+	0	ENSG00000081237	20	PTPRC	ensembl_havana	protein_coding	ENST00000367364	5	PTPRC-202	havana	protein_coding	basic	1	ENSE00001444339	1	3		NA		GRCh38
Homo sapiens	106	11	ensembl_havana	exon	35139304	35139370	.	+	0	ENSG00000026508	21	CD44	ensembl_havana	protein_coding	ENST00000352818	8	CD44-205	ensembl_havana	protein_coding	basic	1	ENSE00002177526	1	1		NA	CCDS55755	GRCh38
Homo sapiens	106	11	havana	exon	35209965	35210054	.	+	0	ENSG00000026508	21	CD44	ensembl_havana	protein_coding	ENST00000531110	6	CD44-231	havana	protein_coding	mRNA_start_NF	3	ENSE00000710485	1	6		NA		GRCh38
Homo sapiens	106	11	havana	exon	35211246	35211310	.	+	0	ENSG00000026508	21	CD44	ensembl_havana	protein_coding	ENST00000531873	5	CD44-234	havana	protein_coding	mRNA_start_NF	3	ENSE00002199174	1	5		NA		GRCh38
Homo sapiens	106	11	havana	exon	35219316	35219387	.	+	0	ENSG00000026508	21	CD44	ensembl_havana	protein_coding	ENST00000527326	1	CD44-225	havana	retained_intron		2	ENSE00003515975	1	2		NA		GRCh38
Homo sapiens	106	11	havana	exon	35221654	35221731	.	+	0	ENSG00000026508	21	CD44	ensembl_havana	protein_coding	ENST00000531141	1	CD44-233	havana	retained_intron		2	ENSE00002199247	1	2		NA		GRCh38
Homo sapiens	106	1	havana	exon	198709687	198709824	.	+	0	ENSG00000081237	20	PTPRC	ensembl_havana	protein_coding	ENST00000367367	8	PTPRC-203	havana	protein_coding	mRNA_end_NF	2	ENSE00003105184	1	10		NA		GRCh38
Homo sapiens	106	1	havana	exon	198709687	198709824	.	+	0	ENSG00000081237	20	PTPRC	ensembl_havana	protein_coding	ENST00000530727	5	PTPRC-214	havana	protein_coding	mRNA_end_NF	1	ENSE00003105184	1	9		NA		GRCh38
Homo sapiens	106	1	havana	exon	198734328	198734425	.	+	0	ENSG00000081237	20	PTPRC	ensembl_havana	protein_coding	ENST00000367367	8	PTPRC-203	havana	protein_coding	mRNA_end_NF	2	ENSE00003002248	1	21		NA		GRCh38
Homo sapiens	106	11	havana	exon	35180274	35180329	.	+	0	ENSG00000026508	21	CD44	ensembl_havana	protein_coding	ENST00000526669	6	CD44-224	havana	protein_coding	basic	5	ENSE00002193843	1	3		NA		GRCh38
Homo sapiens	106	1	havana	exon	154429196	154429444	.	+	0	ENSG00000160712	13	IL6R	ensembl_havana	protein_coding	ENST00000512471	1	IL6R-206	havana	protein_coding	mRNA_end_NF	4	ENSE00001174424	1	2		NA		GRCh38
Homo sapiens	106	1	ensembl_havana	exon	198703298	198703372	.	+	0	ENSG00000081237	20	PTPRC	ensembl_havana	protein_coding	ENST00000348564	11	PTPRC-201	ensembl_havana	protein_coding	basic	1	ENSE00003066310	1	4		NA	CCDS1398	GRCh38
Homo sapiens	106	11	havana	exon	35138882	35139370	.	+	0	ENSG00000026508	21	CD44	ensembl_havana	protein_coding	ENST00000526025	2	CD44-222	havana	protein_coding	basic	2	ENSE00002155684	1	1		NA		GRCh38
Homo sapiens	106	11	havana	exon	35206112	35206243	.	+	0	ENSG00000026508	21	CD44	ensembl_havana	protein_coding	ENST00000531110	6	CD44-231	havana	protein_coding	mRNA_start_NF	3	ENSE00000710490	1	4		NA		GRCh38
Homo sapiens	106	1	havana	exon	154449911	154449980	.	+	0	ENSG00000160712	13	IL6R	ensembl_havana	protein_coding	ENST00000507256	1	IL6R-205	havana	processed_transcript		4	ENSE00003498111	1	3		NA		GRCh38
Homo sapiens	106	11	ensembl_havana	exon	35189835	35190065	.	+	0	ENSG00000026508	21	CD44	ensembl_havana	protein_coding	ENST00000352818	8	CD44-205	ensembl_havana	protein_coding	basic	1	ENSE00003639932	1	5		NA	CCDS55755	GRCh38
Homo sapiens	106	11	ensembl_havana	exon	35211246	35211449	.	+	0	ENSG00000026508	21	CD44	ensembl_havana	protein_coding	ENST00000434472	6	CD44-210	ensembl_havana	protein_coding	basic	1	ENSE00003608645	1	6		NA	CCDS55754	GRCh38
Homo sapiens	106	1	ensembl_havana	exon	154448125	154448171	.	+	0	ENSG00000160712	13	IL6R	ensembl_havana	protein_coding	ENST00000344086	8	IL6R-201	ensembl_havana	protein_coding	basic	1	ENSE00003646716	1	7		NA	CCDS1068	GRCh38
Homo sapiens	106	11	ensembl_havana	exon	35219316	35219387	.	+	0	ENSG00000026508	21	CD44	ensembl_havana	protein_coding	ENST00000425428	6	CD44-207	ensembl_havana	nonsense_mediated_decay		1	ENSE00003515975	1	6		NA		GRCh38
Homo sapiens	106	11	havana	exon	35219316	35219387	.	+	0	ENSG00000026508	21	CD44	ensembl_havana	protein_coding	ENST00000279452	10	CD44-204	havana	protein_coding	mRNA_start_NF	3	ENSE00003632343	1	6		NA		GRCh38
Homo sapiens	106	11	havana	exon	35209965	35210054	.	+	0	ENSG00000026508	21	CD44	ensembl_havana	protein_coding	ENST00000525685	6	CD44-219	havana	protein_coding	mRNA_start_NF	3	ENSE00000710485	1	6		NA		GRCh38
Homo sapiens	106	11	havana	exon	35189835	35190065	.	+	0	ENSG00000026508	21	CD44	ensembl_havana	protein_coding	ENST00000525209	5	CD44-213	havana	processed_transcript		4	ENSE00003477603	1	3		NA		GRCh38
Homo sapiens	106	11	ensembl_havana	exon	35139293	35139370	.	+	0	ENSG00000026508	21	CD44	ensembl_havana	protein_coding	ENST00000434472	6	CD44-210	ensembl_havana	protein_coding	basic	1	ENSE00002194683	1	1		NA	CCDS55754	GRCh38
Homo sapiens	106	1	ensembl_havana	exon	198694018	198695171	.	+	0	ENSG00000081237	20	PTPRC	ensembl_havana	protein_coding	ENST00000413409	6	PTPRC-206	ensembl_havana	protein_coding	basic	1	ENSE00001839694	1	4		NA	CCDS44291	GRCh38
Homo sapiens	106	11	havana	exon	35139171	35139370	.	+	0	ENSG00000026508	21	CD44	ensembl_havana	protein_coding	ENST00000528086	5	CD44-227	havana	processed_transcript		5	ENSE00002155345	1	1		NA		GRCh38
Homo sapiens	106	1	havana	exon	198734196	198734232	.	+	0	ENSG00000081237	20	PTPRC	ensembl_havana	protein_coding	ENST00000367367	8	PTPRC-203	havana	protein_coding	mRNA_end_NF	2	ENSE00003029831	1	20		NA		GRCh38
Homo sapiens	106	1	ensembl_havana	exon	198639226	198639341	.	+	0	ENSG00000081237	20	PTPRC	ensembl_havana	protein_coding	ENST00000442510	8	PTPRC-209	ensembl_havana	protein_coding	basic	1	ENSE00003551252	1	2		NA	CCDS1397	GRCh38
Homo sapiens	106	11	havana	exon	35219316	35219387	.	+	0	ENSG00000026508	21	CD44	ensembl_havana	protein_coding	ENST00000525688	5	CD44-220	havana	protein_coding	mRNA_start_NF	5	ENSE00003632343	1	4		NA		GRCh38
Homo sapiens	106	11	ensembl_havana	exon	35201082	35201195	.	+	0	ENSG00000026508	21	CD44	ensembl_havana	protein_coding	ENST00000428726	8	CD44-208	ensembl_havana	protein_coding	basic	1	ENSE00003692209	1	8		NA	CCDS7897	GRCh38
Homo sapiens	106	1	ensembl_havana	exon	154435969	154436110	.	+	0	ENSG00000160712	13	IL6R	ensembl_havana	protein_coding	ENST00000368485	8	IL6R-202	ensembl_havana	protein_coding	basic	1	ENSE00001174398	1	6		NA	CCDS1067	GRCh38
Homo sapiens	106	1	ensembl_havana	exon	198716682	198716840	.	+	0	ENSG00000081237	20	PTPRC	ensembl_havana	protein_coding	ENST00000348564	11	PTPRC-201	ensembl_havana	protein_coding	basic	1	ENSE00003657407	1	10		NA	CCDS1398	GRCh38
Homo sapiens	106	1	havana	exon	198732300	198732390	.	+	0	ENSG00000081237	20	PTPRC	ensembl_havana	protein_coding	ENST00000529828	5	PTPRC-213	havana	non_stop_decay		1	ENSE00002981112	1	18		NA		GRCh38
Homo sapiens	106	11	ensembl_havana	exon	35229129	35232402	.	+	0	ENSG00000026508	21	CD44	ensembl_havana	protein_coding	ENST00000428726	8	CD44-208	ensembl_havana	protein_coding	basic	1	ENSE00001709592	2	18		NA	CCDS7897	GRCh38
Homo sapiens	106	1	ensembl_havana	exon	198742232	198742367	.	+	0	ENSG00000081237	20	PTPRC	ensembl_havana	protein_coding	ENST00000348564	11	PTPRC-201	ensembl_havana	protein_coding	basic	1	ENSE00002402933	1	22		NA	CCDS1398	GRCh38
Homo sapiens	106	11	havana	exon	35186862	35186900	.	+	0	ENSG00000026508	21	CD44	ensembl_havana	protein_coding	ENST00000525685	6	CD44-219	havana	protein_coding	mRNA_start_NF	3	ENSE00002153314	1	1		NA		GRCh38
Homo sapiens	106	11	ensembl_havana	exon	35180274	35180407	.	+	0	ENSG00000026508	21	CD44	ensembl_havana	protein_coding	ENST00000428726	8	CD44-208	ensembl_havana	protein_coding	basic	1	ENSE00003658180	1	3		NA	CCDS7897	GRCh38
Homo sapiens	106	1	ensembl_havana	exon	198731617	198731726	.	+	0	ENSG00000081237	20	PTPRC	ensembl_havana	protein_coding	ENST00000348564	11	PTPRC-201	ensembl_havana	protein_coding	basic	1	ENSE00003094512	1	15		NA	CCDS1398	GRCh38
Homo sapiens	106	1	ensembl_havana	exon	198692347	198692373	.	+	0	ENSG00000081237	20	PTPRC	ensembl_havana	protein_coding	ENST00000442510	8	PTPRC-209	ensembl_havana	protein_coding	basic	1	ENSE00003551747	1	3		NA	CCDS1397	GRCh38
Homo sapiens	106	1	ensembl_havana	exon	198703298	198703372	.	+	0	ENSG00000081237	20	PTPRC	ensembl_havana	protein_coding	ENST00000442510	8	PTPRC-209	ensembl_havana	protein_coding	basic	1	ENSE00003066310	1	7		NA	CCDS1397	GRCh38
Homo sapiens	106	1	havana	exon	198732480	198732556	.	+	0	ENSG00000081237	20	PTPRC	ensembl_havana	protein_coding	ENST00000367367	8	PTPRC-203	havana	protein_coding	mRNA_end_NF	2	ENSE00003788019	1	19		NA		GRCh38
Homo sapiens	106	1	havana	exon	198703298	198703372	.	+	0	ENSG00000081237	20	PTPRC	ensembl_havana	protein_coding	ENST00000643513	1	PTPRC-215	havana	protein_coding	mRNA_end_NF	NA	ENSE00003066310	1	5		NA		GRCh38
Homo sapiens	106	11	ensembl_havana	exon	35219316	35219387	.	+	0	ENSG00000026508	21	CD44	ensembl_havana	protein_coding	ENST00000433892	6	CD44-209	ensembl_havana	protein_coding	basic	1	ENSE00003632343	1	10		NA	CCDS31456	GRCh38
Homo sapiens	106	11	ensembl_havana	exon	35221654	35221732	.	+	0	ENSG00000026508	21	CD44	ensembl_havana	protein_coding	ENST00000442151	6	CD44-211	ensembl_havana	protein_coding	mRNA_start_NF	1	ENSE00003534676	1	8		NA		GRCh38
Homo sapiens	106	1	ensembl_havana	exon	198731617	198731726	.	+	0	ENSG00000081237	20	PTPRC	ensembl_havana	protein_coding	ENST00000442510	8	PTPRC-209	ensembl_havana	protein_coding	basic	1	ENSE00003094512	1	18		NA	CCDS1397	GRCh38
Homo sapiens	106	1	havana	exon	198639226	198639341	.	+	0	ENSG00000081237	20	PTPRC	ensembl_havana	protein_coding	ENST00000367367	8	PTPRC-203	havana	protein_coding	mRNA_end_NF	2	ENSE00003551252	1	2		NA		GRCh38
Homo sapiens	106	1	havana	exon	154430483	154430595	.	+	0	ENSG00000160712	13	IL6R	ensembl_havana	protein_coding	ENST00000512471	1	IL6R-206	havana	protein_coding	mRNA_end_NF	4	ENSE00001947469	2	3		NA		GRCh38
Homo sapiens	106	11	havana	exon	35211246	35211449	.	+	0	ENSG00000026508	21	CD44	ensembl_havana	protein_coding	ENST00000526000	6	CD44-221	havana	protein_coding	mRNA_start_NF	5	ENSE00003608645	1	5		NA		GRCh38
Homo sapiens	106	1	ensembl_havana	exon	154430483	154430606	.	+	0	ENSG00000160712	13	IL6R	ensembl_havana	protein_coding	ENST00000344086	8	IL6R-201	ensembl_havana	protein_coding	basic	1	ENSE00001174416	1	3		NA	CCDS1068	GRCh38
Homo sapiens	106	11	havana	exon	35189900	35190065	.	+	0	ENSG00000026508	21	CD44	ensembl_havana	protein_coding	ENST00000533222	5	CD44-236	havana	protein_coding	mRNA_start_NF	2	ENSE00002194976	1	1		NA		GRCh38
Homo sapiens	106	1	havana	exon	154434519	154434583	.	+	0	ENSG00000160712	13	IL6R	ensembl_havana	protein_coding	ENST00000512471	1	IL6R-206	havana	protein_coding	mRNA_end_NF	4	ENSE00001932208	2	4		NA		GRCh38
Homo sapiens	106	11	ensembl_havana	exon	35180274	35180407	.	+	0	ENSG00000026508	21	CD44	ensembl_havana	protein_coding	ENST00000433892	6	CD44-209	ensembl_havana	protein_coding	basic	1	ENSE00003658180	1	3		NA	CCDS31456	GRCh38
